CindyBurg12,zeynep
JonathanPKatz,zeynep
mireillemoret,zacharylipton
jmsl,yoavgo
s4luux,ylecun
JulienBacal,ylecun
_willfalcon,ylecun
dave_co_dev,ylecun
siri_r,yanliu_usc
TheShahrozTariq,yanliu_usc
Nskwsky_volc,xkcdComic
AlexWSaunders,xkcdComic
repd1975,xkcdComic
syawal,xkcdComic
LePierreMaillot,wimmics
white_gecko,wimmics
__dwrodri,wellingmax
johnny_83,wellingmax
ktakeda1,walkingrandomly
JeffdotLayton,walkingrandomly
kosson,w3c
neweiji,w3c
MullerCatelijne,vdignum
SColesPorter,vdignum
Joe39964876,vardi
tomo_makes,utokyo_bunny
peria,utokyo_bunny
DataAugmented,tunguz
alykhantejani,trustswz
rupertcheek,timberners_lee
Alkimia_Aubel,timberners_lee
severnsister,timberners_lee
alexborras,timberners_lee
RawsthorneMat,timalthoff
sharma_ashish_2,timalthoff
sv99999999,theworldindex
dsouza_vinay,theworldindex
ImranAh32658482,theworldindex
Solidplasma,tha_rami
_JarekS,techreview
BieschkeEric,taoyeah
QUCENG,tamer_elsayed
majid_almaadeed,tamer_elsayed
ArdeemaSolution,tableau
GRSReddy,tableau
dremio,tableau
StrategyNDigita,tableau
barryjgrant,strnr
surt_lab,strnr
dmoher,stefhaustein
andylowery,staceyabrams
DavidSzostak,staceyabrams
ImNickHuber,simidjievskin
DragiKocev,simidjievskin
DragiKocev,simidjievskin
AmazonScience,shobeirf
Christo35983221,shivon
eperea,shivon
sktguha,sharifshameem
juanpabloalvis,sharifshameem
WorkAcademic,sgould_au
mdreid,sgould_au
anu_xin,sgould_au
sk413025,sgould_au
markingmyname,satyanadella
tonov3_vanvi,satyanadella
alancolquhoun1,sapinker
sanjayv01,sapinker
thelamb365,sapinker
serfymurphy,sapinker
kulkarnisaumitr,santo_fortunato
PingbookWeb,sama
seattlebookman,sama
KathyHoldshope,russfeingold
WillBlomker,russfeingold
emmepirra,rupensa
SeetaLabs,rupensa
subhobrata1,ruoccoma
Max56gio,ruoccoma
lina,rmack
lacosteguy2012,rayidghani
Aishwarya_Sri0,rayidghani
bxmx,rayidghani
mchardcastle,rayidghani
CommodoreBay,random_walker
SciOrestis,random_walker
wiligl,rahmstorf
Jordan234512,rahmstorf
swordjen618,radar
datasciencebot_,radar
themis277,rabeeh
bexxmodd,rabeeh
TobiasSchlauch,psteinb_
sunitachandra29,psteinb_
Turgut_Guliyev,pmddomingos
Renaissance_Da,pmddomingos
londonerized,pmddomingos
zzprosper,pmddomingos
AshishK26660972,patcummins30
NaveenT26870924,patcummins30
smithpraveen55,patcummins30
AnkushG37251725,patcummins30
bexxmodd,pakdd_social
websoullabs,omarsar0
FraOsborne,olafhartig
darmont_lyon2,olafhartig
gazooly12,noUpside
Emily_Burns_V,noUpside
thos_jones,nihilist_ds
rstats4ds,nihilist_ds
hspter,nihilist_ds
PyScaleLLC,nihilist_ds
bennykille,ngrams
Kjenstad,neiltyson
zeguim3,neiltyson
RKrutharth,neiltyson
annaanupam1,neilsgaikwad
its_freesoul,neilsgaikwad
giantfoxpaws,nasrinmmm
omidb_,nasrinmmm
Darian_Robbins,nanaslugdiva
lctabata,mljockers
mrkm_a,mljockers
Magic_Kitten,mireillecharper
nadavgolbandi,miha_jlo
atrayn99,michaelharriot
KuraFire,michaelharriot
Fullyfallible,michaelharriot
markb,mekkaokereke
ianagne,mekkaokereke
abhishekborat,math_rachel
marypcbuk,math_rachel
MujeresTech,math_rachel
bardez32,mashable
vere_edward,mashable
Fasa_Bursaa,mashable
Shubham39416713,manishindiatv
Sanjeet86675734,manishindiatv
KesariSword,manishindiatv
marlesson,lingfei_wu
kdd_news,lingfei_wu
AcademiaPeppa,lilianweng
miguelalonsojr,lilianweng
pterianz,lexfridman
theverymargin,lexfridman
CircleReader,lexfridman
Tesfi10,lesan_ai
DBLaeke,lesan_ai
amandavicmason,leraboroditsky
susiemagoo,leraboroditsky
nez_cook,leraboroditsky
niksthompson,leraboroditsky
Fahdalrwais,leifos
SAloteibi,leifos
cawelty,laroyo
mkareshk,krisztianbalog
pt_ir,krisztianbalog
concordiah2020,kourtellis
yelenamejova,kourtellis
SoterisD,kourtellis
CyberDFIR,kourtellis
jfcb_ice,kdnuggets
code_convention,kdnuggets
SundipVTekale,kdnuggets
Montreal_AI,katecrawford
merbroussard,katecrawford
ElonGoat_Musk,karpathy
Rajbhagwandin01,karpathy
SauceN0tJuice,kareem_carr
fukutax,k_leyton_brown
Volton007,jure
zhaojuanwendy,jure
Vantino_Soft,jure
sangramga,jure
bocar_a,jonmummolo
CatchMoosa,joeddav
OpenSciTalk,joeddav
mart1nkle1n,jcdl20201
shawnmjones,jcdl20201
cni_org,jcdl20201
AixinSG,jcdl20201
modega_cat,jbouie
Stephano_N,jbouie
Artificialbra1n,jaom7
Napoolar,jaom7
MariaCaswell1,iseeaswell
guidozuc,invertedindex
vitroc,invertedindex
FenCameron,ilyaraz2
asilvaguilherme,ida_symposia
ATornede,ida_symposia
preslav_nakov,ida_symposia
djoerd,ian_soboroff
fd301,iadh
chrisatglasgow,iadh
hammad_khan23,iadh
guidozuc,iadh
ShawnHubler,iScienceLuvr
avildsen,hypervisible
DiaoNlp,gvanrossum
KevalGANDHI14,gvanrossum
keikookushi,gregggonsalves
knightktm,gregggonsalves
alialani16,gcosma1
iPythonistaBot,gcosma1
zeh_silva,gamboviol
ssahebi,gamboviol
Playoff_G,fivethirtynate
CrabSmutPeddler,fivethirtynate
zenDecision,fivethirtynate
kl_torres,fivethirtynate
LarrySteph_,facebookai
ResponsibleAI_,facebookai
subhobrata1,facebookai
Piep63,existentialcoms
JakeDCruz2,existentialcoms
DavidYo59602347,existentialcoms
altrocks,existentialcoms
allen_ai,etzioni
jurafsky,ethayarajh
digitalhealthxx,ethayarajh
brijen35,erna_solberg
Ourghanlian,erichorvitz
Thorfinson2,erichorvitz
NoBIAS_ITN,entoutsi
joinGrit,entoutsi
elmarij79,elonmusk
Avinash50147126,elonmusk
chinghizmONE,elonmusk
tesla_super,elonmusk
EnviroSmartGOP,edyong209
IngredientsbyL,edyong209
yrfgs3461,echen
TurnkeyTyranny,echen
gaarangoa,dustinvtran
KyleCranmer,dustinvtran
Azarkhalili,dustinvtran
GiseopK,ducha_aiki
Cuistiano1,ducha_aiki
peterpaws,domonkostikk
texttheater,dmirgroup
nilsreiter,dmirgroup
_yaowu_,dlrs_workshop
thinh_ha,dlrs_workshop
abellogin,dlrs_workshop
ngrams,dlrs_workshop
gberta227,dimadamen
Shahnawazgrewal,dimadamen
anishhacko,dennybritz
juanpabloalvis,sharifshameem
WorkAcademic,sgould_au
mdreid,sgould_au
anu_xin,sgould_au
sk413025,sgould_au
worldcanbefair,satyanadella
markingmyname,satyanadella
Castillo192,sapinker
IanAdAstra,sapinker
rpparada,sapinker
urbanhobbit,sapinker
kulkarnisaumitr,santo_fortunato
PingbookWeb,sama
seattlebookman,sama
KathyHoldshope,russfeingold
WillBlomker,russfeingold
emmepirra,rupensa
SeetaLabs,rupensa
subhobrata1,ruoccoma
Max56gio,ruoccoma
lina,rmack
lacosteguy2012,rayidghani
Aishwarya_Sri0,rayidghani
bxmx,rayidghani
mchardcastle,rayidghani
CommodoreBay,random_walker
SciOrestis,random_walker
eozwei,rahmstorf
hainrichs,rahmstorf
swordjen618,radar
datasciencebot_,radar
themis277,rabeeh
bexxmodd,rabeeh
TobiasSchlauch,psteinb_
sunitachandra29,psteinb_
Turgut_Guliyev,pmddomingos
Renaissance_Da,pmddomingos
londonerized,pmddomingos
zzprosper,pmddomingos
Vamsi_Tulasi96,patcummins30
Mad_Dog_here,patcummins30
smithpraveen55,patcummins30
AnkushG37251725,patcummins30
bexxmodd,pakdd_social
maine_oladee,omarsar0
isaac2lord,omarsar0
FraOsborne,olafhartig
darmont_lyon2,olafhartig
gazooly12,noUpside
Emily_Burns_V,noUpside
thos_jones,nihilist_ds
rstats4ds,nihilist_ds
hspter,nihilist_ds
PyScaleLLC,nihilist_ds
bennykille,ngrams
Lokhir,neiltyson
Andrea27172,neiltyson
apesrcrazy,neiltyson
annaanupam1,neilsgaikwad
its_freesoul,neilsgaikwad
giantfoxpaws,nasrinmmm
omidb_,nasrinmmm
Darian_Robbins,nanaslugdiva
lctabata,mljockers
mrkm_a,mljockers
Magic_Kitten,mireillecharper
nadavgolbandi,miha_jlo
Michelle_523,michaelharriot
Fullyfallible,michaelharriot
tybritten,mekkaokereke
kstewart,mekkaokereke
IEthics,math_rachel
abhishekborat,math_rachel
MujeresTech,math_rachel
bardez32,mashable
vere_edward,mashable
FasaBursa,mashable
jhofranz1983,mashable
Shubham39416713,manishindiatv
Sanjeet86675734,manishindiatv
KesariSword,manishindiatv
marlesson,lingfei_wu
kdd_news,lingfei_wu
AcademiaPeppa,lilianweng
miguelalonsojr,lilianweng
will__sho,lexfridman
SaygaShow,lexfridman
OlliOikarinen,lexfridman
Tesfi10,lesan_ai
DBLaeke,lesan_ai
amandavicmason,leraboroditsky
susiemagoo,leraboroditsky
nez_cook,leraboroditsky
niksthompson,leraboroditsky
Fahdalrwais,leifos
SAloteibi,leifos
cawelty,laroyo
mkareshk,krisztianbalog
pt_ir,krisztianbalog
concordiah2020,kourtellis
yelenamejova,kourtellis
SoterisD,kourtellis
CyberDFIR,kourtellis
jfcb_ice,kdnuggets
code_convention,kdnuggets
SundipVTekale,kdnuggets
drscotthawley,katecrawford
AlexJohnLondon,katecrawford
ElonGoat_Musk,karpathy
Rajbhagwandin01,karpathy
SauceN0tJuice,kareem_carr
fukutax,k_leyton_brown
changhwan_yi,jure
Fatemehsrz4,jure
Vantino_Soft,jure
sangramga,jure
bocar_a,jonmummolo
CatchMoosa,joeddav
OpenSciTalk,joeddav
mart1nkle1n,jcdl20201
shawnmjones,jcdl20201
cni_org,jcdl20201
AixinSG,jcdl20201
Torra_K,jbouie
modega_cat,jbouie
Artificialbra1n,jaom7
Napoolar,jaom7
MariaCaswell1,iseeaswell
guidozuc,invertedindex
vitroc,invertedindex
FenCameron,ilyaraz2
asilvaguilherme,ida_symposia
ATornede,ida_symposia
preslav_nakov,ida_symposia
djoerd,ian_soboroff
fd301,iadh
chrisatglasgow,iadh
hammad_khan23,iadh
guidozuc,iadh
ShawnHubler,iScienceLuvr
lizziemills,hypervisible
SamGregory,hypervisible
DiaoNlp,gvanrossum
KevalGANDHI14,gvanrossum
rikoamour,gregggonsalves
keikookushi,gregggonsalves
alialani16,gcosma1
iPythonistaBot,gcosma1
zeh_silva,gamboviol
ssahebi,gamboviol
Playoff_G,fivethirtynate
CrabSmutPeddler,fivethirtynate
zenDecision,fivethirtynate
kl_torres,fivethirtynate
LarrySteph_,facebookai
ResponsibleAI_,facebookai
subhobrata1,facebookai
AhbramAmbrosine,existentialcoms
FrankDiekman,existentialcoms
miniscalz,existentialcoms
Monstruum,existentialcoms
allen_ai,etzioni
jurafsky,ethayarajh
digitalhealthxx,ethayarajh
Orgetorix,erna_solberg
chosenone107,erna_solberg
Ourghanlian,erichorvitz
Thorfinson2,erichorvitz
NoBIAS_ITN,entoutsi
joinGrit,entoutsi
Bitcoinisgood88,elonmusk
shamzilla1234,elonmusk
belizoz,elonmusk
QuezadaLexi,elonmusk
EnviroSmartGOP,edyong209
IngredientsbyL,edyong209
yrfgs3461,echen
TurnkeyTyranny,echen
gaarangoa,dustinvtran
KyleCranmer,dustinvtran
Azarkhalili,dustinvtran
Khoa_NguyenTuan,ducha_aiki
GiseopK,ducha_aiki
peterpaws,domonkostikk
texttheater,dmirgroup
nilsreiter,dmirgroup
_yaowu_,dlrs_workshop
thinh_ha,dlrs_workshop
abellogin,dlrs_workshop
ngrams,dlrs_workshop
gberta227,dimadamen
Shahnawazgrewal,dimadamen
anishhacko,dennybritz
smithpraveen55,patcummins30
AnkushG37251725,patcummins30
Shubhamss30,patcummins30
SyedSam51439843,patcummins30
gbahadur738,patcummins30
RavishnkarSing6,patcummins30
Haritalari6,patcummins30
KichchaMaruthi1,patcummins30
Lalit53602528,patcummins30
smrutir01438644,patcummins30
Imrajrishi_,patcummins30
ParekhJehan,patcummins30
PrakahChoudhary,patcummins30
ankitku33827696,patcummins30
RamanKu88027346,patcummins30
iamsrksg,patcummins30
UttamJh64487186,patcummins30
KadamSatish15,patcummins30
PremCho95019818,patcummins30
SunilChauhanA1,patcummins30
bexxmodd,pakdd_social
dxs_1,omarsar0
FahadGorain,omarsar0
andrepayto,omarsar0
maine_oladee,omarsar0
isaac2lord,omarsar0
burhr2,omarsar0
jlurzuav,omarsar0
websoullabs,omarsar0
terrence_AA,omarsar0
Balaji_ai,omarsar0
ML_Tweet_Bot,omarsar0
siddharthDas47,omarsar0
Bgaire2053Gaire,omarsar0
mimransarwar4ir,omarsar0
RoshanPaudeI,omarsar0
Raaka_elgupo,omarsar0
marmegal80,omarsar0
reshalfahsi,omarsar0
Vipin_Uniyal_,omarsar0
FraOsborne,olafhartig
darmont_lyon2,olafhartig
romero_m_oscar,olafhartig
gazooly12,noUpside
Emily_Burns_V,noUpside
aarieff,noUpside
thos_jones,nihilist_ds
rstats4ds,nihilist_ds
rstatstweet,nihilist_ds
rstats_tweets,nihilist_ds
JoshuaLandman,nihilist_ds
hspter,nihilist_ds
PyScaleLLC,nihilist_ds
rstats4ds,nihilist_ds
rstats_tweets,nihilist_ds
rstatstweet,nihilist_ds
bennykille,ngrams
Lokhir,neiltyson
israel_illescas,neiltyson
Kjenstad,neiltyson
zeguim3,neiltyson
imvijaym,neiltyson
PuneetK21672623,neiltyson
ealexanderh_,neiltyson
dr_mitull,neiltyson
AtiradorMiope,neiltyson
SinnersCafe,neiltyson
KayRthePrincess,neiltyson
kinkybiryani,neiltyson
joseph99722,neiltyson
DarkPositron,neiltyson
Andrea27172,neiltyson
apesrcrazy,neiltyson
RKrutharth,neiltyson
FaazNoushad,neiltyson
esther_oduwole,neiltyson
BAHENAJC,neiltyson
ammarfrds,neiltyson
DarkPositron,neiltyson
annaanupam1,neilsgaikwad
its_freesoul,neilsgaikwad
CVDResourcesBot,neilsgaikwad
giantfoxpaws,nasrinmmm
omidb_,nasrinmmm
verneekai,nasrinmmm
Darian_Robbins,nanaslugdiva
lctabata,mljockers
mrkm_a,mljockers
JMFradeRue,mljockers
jeduardogonz,mljockers
dmimno,mljockers
Magic_Kitten,mireillecharper
nadavgolbandi,miha_jlo
litionist,michaelharriot
HP92823252,michaelharriot
Gemalogical,michaelharriot
kingdomofwench,michaelharriot
HeartAmity,michaelharriot
sapphixy,michaelharriot
lynymo,michaelharriot
rj3thatsme,michaelharriot
Michelle_523,michaelharriot
KeepinItReal48,michaelharriot
starsense_,michaelharriot
loveisafetish,michaelharriot
joehofbauer,michaelharriot
MyNamesTrip,michaelharriot
morbid_elation,michaelharriot
Nathlie1965,michaelharriot
therealeffzee,michaelharriot
jameskthompson1,michaelharriot
ChuckModi1,michaelharriot
Fullyfallible,michaelharriot
tybritten,mekkaokereke
kstewart,mekkaokereke
markb,mekkaokereke
ianagne,mekkaokereke
venikunche,mekkaokereke
JMOChicago,mekkaokereke
tswaterman,math_rachel
IEthics,math_rachel
abhishekborat,math_rachel
marypcbuk,math_rachel
anoushnajarian,math_rachel
shaboom,math_rachel
bramabramson,math_rachel
timnitGebru,math_rachel
MujeresTech,math_rachel
anoushnajarian,math_rachel
timnitGebru,math_rachel
bardez32,mashable
vere_edward,mashable
benishii_,mashable
HarryGuscott,mashable
KatyaParente,mashable
kimuyswabe,mashable
tiymryvt1,mashable
InterestRateArb,mashable
wanessavhc,mashable
TheOnlyLino,mashable
maazinmaahir,mashable
enricofrasca3,mashable
CovfefeQuin,mashable
glitchbotio,mashable
FasaBursa,mashable
jhofranz1983,mashable
Fasa_Bursaa,mashable
digifactinc,mashable
Zangknows,mashable
mwopus,mashable
mahwaly,mashable
keeda2198,mashable
khaidarzorig,mashable
ericklime,mashable
Shubham39416713,manishindiatv
Sanjeet86675734,manishindiatv
mingursherpa2,manishindiatv
vijayrajput1156,manishindiatv
NabeelK95057130,manishindiatv
Rejowanul4,manishindiatv
Ajay12041993,manishindiatv
AjaySin72588409,manishindiatv
NabeelA57443287,manishindiatv
Gurbhej70493841,manishindiatv
Gurbhej58758916,manishindiatv
Sukhwin21724443,manishindiatv
RamKuma91699472,manishindiatv
TariqAhBhat12,manishindiatv
Opinder75820475,manishindiatv
MAaqib48015469,manishindiatv
Tahir15118709,manishindiatv
Reddepp22404373,manishindiatv
AksheyThakur7,manishindiatv
Surajit90053504,manishindiatv
KesariSword,manishindiatv
saffronhindoo,manishindiatv
Panther7112,manishindiatv
Sdeep78,manishindiatv
marlesson,lingfei_wu
kdd_news,lingfei_wu
dse_msu,lingfei_wu
AcademiaPeppa,lilianweng
miguelalonsojr,lilianweng
jeanfrancois287,lilianweng
Qiuzhuang,lilianweng
zhangchi_ai,lilianweng
ceobillionaire,lilianweng
ksnQxTLx3gw3W8H,lilianweng
RafaySAnsari,lexfridman
ekin_jejai,lexfridman
taylorRichie,lexfridman
Saman53010591,lexfridman
jeremy10garrett,lexfridman
darias416,lexfridman
farahananrdn,lexfridman
MLivings10,lexfridman
the_real_ghap,lexfridman
whytushar,lexfridman
imannina_f,lexfridman
lirughhhbella,lexfridman
alyssa___rose,lexfridman
Kingoftheabyss2,lexfridman
josep260181,lexfridman
fattisimus,lexfridman
lawrencevv,lexfridman
OlliOikarinen,lexfridman
theverymargin,lexfridman
CircleReader,lexfridman
abhas_rewcie,lexfridman
markeshia_moon,lexfridman
michael_sheslow,lexfridman
JeremiSuri,lexfridman
Zom3Nom,lexfridman
sergioavl136,lexfridman
DanFarfan,lexfridman
sappy02,lexfridman
WholeMarsBlog,lexfridman
Tesfi10,lesan_ai
DBLaeke,lesan_ai
amandavicmason,leraboroditsky
susiemagoo,leraboroditsky
TheresaFai,leraboroditsky
DrGJackBrown,leraboroditsky
nez_cook,leraboroditsky
niksthompson,leraboroditsky
Fahdalrwais,leifos
SAloteibi,leifos
vlachos_nlp,leifos
TheCuriousLuke,laroyo
gjhouben,laroyo
cawelty,laroyo
mkareshk,krisztianbalog
pt_ir,krisztianbalog
CharlotteHase,krisztianbalog
fhasibi,krisztianbalog
srchvrs,krisztianbalog
imsure318,krisztianbalog
frrncl,krisztianbalog
concordiah2020,kourtellis
yelenamejova,kourtellis
malekz4deh,kourtellis
EldarSilver,kourtellis
aravindhr_am,kourtellis
Diego_Perino,kourtellis
ImperialSysAL,kourtellis
_EduardMarin_,kourtellis
realhamed,kourtellis
VincentMo6,kourtellis
efilakka,kourtellis
SoterisD,kourtellis
CyberDFIR,kourtellis
sectest9,kourtellis
CyberSecurityN8,kourtellis
VincentMo6,kourtellis
joinGrit,kourtellis
iliasl,kourtellis
minoskt,kourtellis
botcybersec,kourtellis
ArgentinaDevops,kourtellis
jfcb_ice,kdnuggets
code_convention,kdnuggets
muktabh,kdnuggets
SundipVTekale,kdnuggets
tigerbeat,katecrawford
wimlds,katecrawford
drscotthawley,katecrawford
AlexJohnLondon,katecrawford
saleemkhan,katecrawford
GrayAreaorg,katecrawford
Montreal_AI,katecrawford
merbroussard,katecrawford
barrythrew,katecrawford
cheznadia,katecrawford
ceobillionaire,katecrawford
WiMLDS_Paris,katecrawford
bmorphism,katecrawford
CityLightsBooks,katecrawford
blprnt,katecrawford
steffanwatkins,katecrawford
dapbshq,katecrawford
trevorpaglen,katecrawford
margymaclibrary,katecrawford
TracyValcourt,katecrawford
kraus_read,karpathy
ElonGoat_Musk,karpathy
Rajbhagwandin01,karpathy
DrFerdowsi,karpathy
IgorCarron,karpathy
davefontenot,karpathy
joooosssssssss,karpathy
bibekbhoix,karpathy
swarnlataaa,karpathy
gupta_parikshit,karpathy
callme_oso,karpathy
_Nilay_patel,karpathy
Mod3My,karpathy
WholeMarsBlog,karpathy
technosucks,karpathy
swaritjoshipura,karpathy
pranav_kundra,karpathy
AmirteymourSV,karpathy
BrennanChant,karpathy
hemant_t3,karpathy
SauceN0tJuice,kareem_carr
ferriforme,kareem_carr
KristopheMurage,kareem_carr
Nona_edupl,kareem_carr
cgonzagaj,kareem_carr
MrsLaurzilla,kareem_carr
LizabethIrene,kareem_carr
Thorvaaldr,kareem_carr
brianz0r88,kareem_carr
saidou_boureima,kareem_carr
fukutax,k_leyton_brown
changhwan_yi,jure
Fatemehsrz4,jure
CoderKumar21,jure
CZDS,jure
invokedynamic,jure
codesghorg,jure
Yomyi_C,jure
ikechukwuael,jure
burhr2,jure
Volton007,jure
zhaojuanwendy,jure
bharadwajved,jure
tiffani,jure
Johan65528303,jure
ML_Tweet_Bot,jure
pankaj_sonam,jure
danhpt,jure
ndaruhp,jure
Vantino_Soft,jure
sangramga,jure
_AkshayMenon_,jure
EvrimKorkmazOz,jure
Cool_Techno_Guy,jure
muktabh,jure
joaopedromatt,jure
AG_Oladepo,jure
JimmyDubuisson,jure
ML_Tweet_Bot,jure
LydoniaWeb,jure
MotiCohen5,jure
tiagoooliveira,jure
DMaryshine,jure
sangttruong,jure
DiverseInAI,jure
websoullabs,jure
warrend100,jure
mkareshk,jure
bocar_a,jonmummolo
CatchMoosa,joeddav
OpenSciTalk,joeddav
mart1nkle1n,jcdl20201
shawnmjones,jcdl20201
phonedude_mln,jcdl20201
yasithmilinda,jcdl20201
Gavindya2,jcdl20201
cni_org,jcdl20201
AixinSG,jcdl20201
Torra_K,jbouie
modega_cat,jbouie
Stephano_N,jbouie
deevirgo590,jbouie
LiTAYLOR,jbouie
jarrow272,jbouie
wanderson91,jbouie
katimorris_h,jbouie
ArionneNettles,jbouie
shayes287,jbouie
falsebinary,jbouie
Artificialbra1n,jaom7
Napoolar,jaom7
ECMLPKDD,jaom7
lgalarra,jaom7
benoitfrenay,jaom7
MariaCaswell1,iseeaswell
guidozuc,invertedindex
vitroc,invertedindex
iadh,invertedindex
svakulenk0,invertedindex
hugo_zara,invertedindex
julia_kiseleva,invertedindex
HamedZamani,invertedindex
brifrischu,invertedindex
martacecchinato,invertedindex
maliannejadi,invertedindex
elad1,invertedindex
FenCameron,ilyaraz2
asilvaguilherme,ida_symposia
ATornede,ida_symposia
wever_marcel,ida_symposia
antagomir,ida_symposia
preslav_nakov,ida_symposia
djoerd,ian_soboroff
braneloop,iamtrask
fd301,iadh
chrisatglasgow,iadh
IDAglasgow,iadh
FuturePI_Slack,iadh
TedSiwei,iadh
Yashon5,iadh
SICSA_Scotland,iadh
bexxmodd,iadh
ML_Tweet_Bot,iadh
WorkAcademic,iadh
_ajhepburn,iadh
guidozuc,iadh
GlasgowCS,iadh
ML_Tweet_Bot,iadh
cpdiku,iadh
martinhalvey,iadh
ir_glasgow,iadh
hammad_khan23,iadh
guidozuc,iadh
frrncl,iadh
TedSiwei,iadh
TerrierTeam,iadh
IDAglasgow,iadh
pcastells,iadh
_ajhepburn,iadh
timgollins,iadh
merrafelice,iadh
nimitpattanasri,iadh
karlhigley,iadh
jadidinejad,iadh
sephir86,iadh
olivierjeunen,iadh
ir_glasgow,iadh
ShawnHubler,iScienceLuvr
lizziemills,hypervisible
SamGregory,hypervisible
avildsen,hypervisible
yo_bj,hypervisible
doodlecontessa,hypervisible
SusanKHeflin,hypervisible
clancynewyork,hypervisible
carlfranzen,hypervisible
Moonalice,hypervisible
keimcken,hypervisible
infil00p,hypervisible
DiaoNlp,gvanrossum
KevalGANDHI14,gvanrossum
cybertool,gvanrossum
japinol,gvanrossum
TheCalculator07,gvanrossum
NilsJann,gvanrossum
AmaMidzu,gvanrossum
dputerity,gvanrossum
karttron,gvanrossum
z_makrelouf,gvanrossum
zztalker,gvanrossum
xjjo,gvanrossum
ks7000,gvanrossum
ddbelcher,gvanrossum
realpython,gvanrossum
bealdav,gvanrossum
elin3t,gvanrossum
DecomBH,gvanrossum
mariscalf,gregggonsalves
rikoamour,gregggonsalves
keikookushi,gregggonsalves
knightktm,gregggonsalves
AngieVanRonk,gregggonsalves
pschillingc,gregggonsalves
ravengoose,gregggonsalves
EcoLogicalNet,gregggonsalves
PatrciaMMarcos,gregggonsalves
bethlinas,gregggonsalves
alialani16,gcosma1
iPythonistaBot,gcosma1
CalefybTech,gcosma1
datasciencebot_,gcosma1
dleony,gcosma1
z4chburris,gcosma1
zeh_silva,gamboviol
ssahebi,gamboviol
abellogin,gamboviol
SoudeFazeli,gamboviol
matthiasmauch,gamboviol
colinstrickland,gamboviol
baseonmars,gamboviol
saulvargas,gamboviol
Playoff_G,fivethirtynate
CrabSmutPeddler,fivethirtynate
besttrousers,fivethirtynate
robgwilson,fivethirtynate
alexhanna,fivethirtynate
bkeegan,fivethirtynate
mstem,fivethirtynate
thickyrubio,fivethirtynate
HandsomRon,fivethirtynate
drugsgunshentai,fivethirtynate
ConceptHuman,fivethirtynate
LeBlumbe,fivethirtynate
north_easton,fivethirtynate
Radlein,fivethirtynate
exfofbot,fivethirtynate
JeffFrichner,fivethirtynate
zenDecision,fivethirtynate
kl_torres,fivethirtynate
johnuniackdavis,fivethirtynate
nickyskye,fivethirtynate
Standupcoyote,fivethirtynate
MizLaura18,fivethirtynate
vicnice137,fivethirtynate
juancvanegas,fivethirtynate
youbsanctioned,fivethirtynate
John_Hanna,fivethirtynate
HayesBrown,fivethirtynate
CommsDirector,fivethirtynate
LarrySteph_,facebookai
ResponsibleAI_,facebookai
or_venom,facebookai
HarvardARPJ,facebookai
bayiskendr,facebookai
JoelChen95,facebookai
AxelLode,facebookai
tarundsnaol,facebookai
jrhunt,facebookai
subhobrata1,facebookai
martinoywa,facebookai
ThomasCDaniel,facebookai
AhbramAmbrosine,existentialcoms
FrankDiekman,existentialcoms
TheThirdRailPod,existentialcoms
Piep63,existentialcoms
JakeDCruz2,existentialcoms
derekjones198,existentialcoms
Vegalyp,existentialcoms
PaulPirateFlag,existentialcoms
AbedTekriti,existentialcoms
mvdematos,existentialcoms
gaamcenaad,existentialcoms
VaskosMD,existentialcoms
malumpraxis,existentialcoms
PastoreBedTime,existentialcoms
future_is_meow,existentialcoms
Zajots,existentialcoms
aeryn_thrace,existentialcoms
wazabooh,existentialcoms
NorienMajere,existentialcoms
kingnate128,existentialcoms
sweetemma435,existentialcoms
miniscalz,existentialcoms
Monstruum,existentialcoms
TheThirdRailPod,existentialcoms
DavidYo59602347,existentialcoms
altrocks,existentialcoms
Wolfgang_B_H,existentialcoms
BenHRiv,existentialcoms
OliConTuiter,existentialcoms
JosephML99,existentialcoms
Estroulap,existentialcoms
Girafarig_4am,existentialcoms
OwlInvisible,existentialcoms
pissoffsam,existentialcoms
RobotBrush,existentialcoms
nenanenita,existentialcoms
allen_ai,etzioni
jurafsky,ethayarajh
digitalhealthxx,ethayarajh
RishiBommasani,ethayarajh
ABosselut,ethayarajh
Orgetorix,erna_solberg
chosenone107,erna_solberg
abramson_mona,erna_solberg
The_first_part,erna_solberg
brijen35,erna_solberg
bcmyhra,erna_solberg
onelpeleg,erna_solberg
VidarThK,erna_solberg
IsraelinNorway,erna_solberg
lalojimjuarez,erna_solberg
alistairadamson,erna_solberg
TLX_Corporate,erna_solberg
afagerbakke,erna_solberg
PetrusHagglund,erna_solberg
oosthuizenoosie,erna_solberg
Legalconsult_7,erna_solberg
ambassadorlion,erna_solberg
Sumond5,erna_solberg
Ourghanlian,erichorvitz
Thorfinson2,erichorvitz
sabinehauert,erichorvitz
russellwald,erichorvitz
NoBIAS_ITN,entoutsi
joinGrit,entoutsi
willie100000000,elonmusk
Girlshopz,elonmusk
janebradford0,elonmusk
TakenCaffeine,elonmusk
RollyAllison,elonmusk
aladwaniza,elonmusk
sokolov_ermolay,elonmusk
Portabl09889442,elonmusk
__carol__j,elonmusk
SmallGov4All,elonmusk
Killamalli_0713,elonmusk
AngelinaSakach,elonmusk
vivian54878596,elonmusk
DaBsOwO,elonmusk
yurij_ua,elonmusk
celebritybloger,elonmusk
BTC_Woman,elonmusk
sreekprince,elonmusk
EvaMark38389458,elonmusk
AnozieUdemezue,elonmusk
belizoz,elonmusk
QuezadaLexi,elonmusk
SatelitesCom,elonmusk
JosephA76304973,elonmusk
michael_sheslow,elonmusk
prasenjit_dbroy,elonmusk
ItIsReallMeRM,elonmusk
LukeJoh76625927,elonmusk
CasadoHermys,elonmusk
OCCUPYMARS2025,elonmusk
pedro133333,elonmusk
chinghizmONE,elonmusk
tesla_super,elonmusk
kamaljitjosan,elonmusk
jvlopez,elonmusk
JrOclos,elonmusk
tv_wgt,elonmusk
KristiRJensen,elonmusk
AnnaA1sauce,elonmusk
EnviroSmartGOP,edyong209
IngredientsbyL,edyong209
nevermore_007,edyong209
rachaeljoyandel,edyong209
tiffanyrj,edyong209
savidc,edyong209
vivs1man,edyong209
vika_aronson,edyong209
JohnsonMirandaB,edyong209
_claredoyle_,edyong209
SMurray1000,edyong209
Feffs,edyong209
EclecticMommaZ,edyong209
connielnash,edyong209
madelyndewinter,edyong209
timfalls,edyong209
paulnakata,edyong209
richardupuy,edyong209
Dr_Asrat,edyong209
yrfgs3461,echen
TurnkeyTyranny,echen
gaarangoa,dustinvtran
KyleCranmer,dustinvtran
Azarkhalili,dustinvtran
karlhigley,dustinvtran
Azarkhalili,dustinvtran
Khoa_NguyenTuan,ducha_aiki
GiseopK,ducha_aiki
Cuistiano1,ducha_aiki
treasured_write,ducha_aiki
peterpaws,domonkostikk
texttheater,dmirgroup
nilsreiter,dmirgroup
leokonle,dmirgroup
guhr_s,dmirgroup
EvelynGius,dmirgroup
arthur3131,dmirgroup
ThomasNiebler,dmirgroup
_yaowu_,dlrs_workshop
thinh_ha,dlrs_workshop
data_hpz,dlrs_workshop
domonkostikk,dlrs_workshop
ParisMLgroup,dlrs_workshop
IgorCarron,dlrs_workshop
maponaso,dlrs_workshop
RLerallut,dlrs_workshop
vikasnitr,dlrs_workshop
aptr322,dlrs_workshop
RahelJhirad,dlrs_workshop
alexk_z,dlrs_workshop
abellogin,dlrs_workshop
abellogin,dlrs_workshop
ngrams,dlrs_workshop
balazshidasi,dlrs_workshop
gberta227,dimadamen
Shahnawazgrewal,dimadamen
CSProfKGD,dimadamen
anishhacko,dennybritz
kirili4ik,dennybritz
Overlytic,dennybritz
RacleHenry,dennybritz
mahfuzbd,dennybritz
mkmohan002,dennybritz
StilaApp,dennybritz
M_Koszowski,dennybritz
mobile14u,dennybritz
SrirangaTarun,dennybritz
AfricaAiHub,dennybritz
RaahulSingh20,dennybritz
helldotcat,dennybritz
Kartheekmnv,dennybritz
isakfalk_,dennybritz
Gbolahan_Aziz,dennybritz
ParshinShojaee,dennybritz
PengzhouW,dennybritz
saeid_ghafouri,dennybritz
nadavgolbandi,miha_jlo
Mzsma,michaelharriot
AngeleaJHines,michaelharriot
UmWhySoAloof,michaelharriot
Trumpisaphony,michaelharriot
BigDamnHerosSir,michaelharriot
vedraven,michaelharriot
LammaticHama,michaelharriot
mattgiltaji,michaelharriot
teach_n_travel,michaelharriot
wordcriminal,michaelharriot
ShadowSouthEnt1,michaelharriot
JDDPacific,michaelharriot
anajiaaa,michaelharriot
theblacktights,michaelharriot
hankvanhawkins,michaelharriot
cynthiakiker,michaelharriot
Urania8,michaelharriot
ThaDudeMann,michaelharriot
AlecHouze,michaelharriot
Fullyfallible,michaelharriot
zomfies,mekkaokereke
tybritten,mekkaokereke
kstewart,mekkaokereke
markb,mekkaokereke
ianagne,mekkaokereke
venikunche,mekkaokereke
JMOChicago,mekkaokereke
tswaterman,math_rachel
IEthics,math_rachel
abhishekborat,math_rachel
marypcbuk,math_rachel
anoushnajarian,math_rachel
shaboom,math_rachel
bramabramson,math_rachel
timnitGebru,math_rachel
MujeresTech,math_rachel
anoushnajarian,math_rachel
timnitGebru,math_rachel
bardez32,mashable
vere_edward,mashable
benishii_,mashable
HarryGuscott,mashable
KatyaParente,mashable
kimuyswabe,mashable
tiymryvt1,mashable
InterestRateArb,mashable
wanessavhc,mashable
TheOnlyLino,mashable
maazinmaahir,mashable
enricofrasca3,mashable
CovfefeQuin,mashable
glitchbotio,mashable
FasaBursa,mashable
jhofranz1983,mashable
Fasa_Bursaa,mashable
digifactinc,mashable
Zangknows,mashable
mwopus,mashable
mahwaly,mashable
keeda2198,mashable
khaidarzorig,mashable
ericklime,mashable
Shubham39416713,manishindiatv
Sanjeet86675734,manishindiatv
mingursherpa2,manishindiatv
vijayrajput1156,manishindiatv
NabeelK95057130,manishindiatv
Rejowanul4,manishindiatv
Ajay12041993,manishindiatv
AjaySin72588409,manishindiatv
NabeelA57443287,manishindiatv
Gurbhej70493841,manishindiatv
Gurbhej58758916,manishindiatv
Sukhwin21724443,manishindiatv
RamKuma91699472,manishindiatv
TariqAhBhat12,manishindiatv
Opinder75820475,manishindiatv
MAaqib48015469,manishindiatv
Tahir15118709,manishindiatv
Reddepp22404373,manishindiatv
AksheyThakur7,manishindiatv
Surajit90053504,manishindiatv
KesariSword,manishindiatv
saffronhindoo,manishindiatv
Panther7112,manishindiatv
Sdeep78,manishindiatv
AcademiaPeppa,lilianweng
miguelalonsojr,lilianweng
jeanfrancois287,lilianweng
Qiuzhuang,lilianweng
zhangchi_ai,lilianweng
ceobillionaire,lilianweng
ksnQxTLx3gw3W8H,lilianweng
_potterG3,lexfridman
4E93C4B107FEA2,lexfridman
erik_blades,lexfridman
seerkamban2000,lexfridman
AkshayJahagird6,lexfridman
parashar,lexfridman
naufalbudiman,lexfridman
rullyburhanz,lexfridman
rzubairy,lexfridman
jonastangkad,lexfridman
JamirShaikh_IFS,lexfridman
JPNDIAZZ,lexfridman
mijokijo,lexfridman
PCFardella,lexfridman
iNitishPaswan,lexfridman
space_for_life_,lexfridman
rrs101005,lexfridman
6jfw9,lexfridman
cbjones1943,lexfridman
OlliOikarinen,lexfridman
theverymargin,lexfridman
CircleReader,lexfridman
abhas_rewcie,lexfridman
markeshia_moon,lexfridman
michael_sheslow,lexfridman
JeremiSuri,lexfridman
Zom3Nom,lexfridman
sergioavl136,lexfridman
DanFarfan,lexfridman
sappy02,lexfridman
WholeMarsBlog,lexfridman
Tesfi10,lesan_ai
DBLaeke,lesan_ai
amandavicmason,leraboroditsky
susiemagoo,leraboroditsky
TheresaFai,leraboroditsky
DrGJackBrown,leraboroditsky
nez_cook,leraboroditsky
niksthompson,leraboroditsky
Fahdalrwais,leifos
SAloteibi,leifos
vlachos_nlp,leifos
TheCuriousLuke,laroyo
gjhouben,laroyo
cawelty,laroyo
mkareshk,krisztianbalog
pt_ir,krisztianbalog
CharlotteHase,krisztianbalog
fhasibi,krisztianbalog
srchvrs,krisztianbalog
imsure318,krisztianbalog
frrncl,krisztianbalog
concordiah2020,kourtellis
yelenamejova,kourtellis
malekz4deh,kourtellis
EldarSilver,kourtellis
aravindhr_am,kourtellis
Diego_Perino,kourtellis
ImperialSysAL,kourtellis
_EduardMarin_,kourtellis
realhamed,kourtellis
VincentMo6,kourtellis
efilakka,kourtellis
SoterisD,kourtellis
CyberDFIR,kourtellis
sectest9,kourtellis
CyberSecurityN8,kourtellis
VincentMo6,kourtellis
joinGrit,kourtellis
iliasl,kourtellis
minoskt,kourtellis
botcybersec,kourtellis
ArgentinaDevops,kourtellis
jfcb_ice,kdnuggets
code_convention,kdnuggets
muktabh,kdnuggets
SundipVTekale,kdnuggets
sfavc_tweet,katecrawford
tigerbeat,katecrawford
wimlds,katecrawford
drscotthawley,katecrawford
AlexJohnLondon,katecrawford
saleemkhan,katecrawford
GrayAreaorg,katecrawford
Montreal_AI,katecrawford
merbroussard,katecrawford
barrythrew,katecrawford
cheznadia,katecrawford
ceobillionaire,katecrawford
WiMLDS_Paris,katecrawford
bmorphism,katecrawford
CityLightsBooks,katecrawford
blprnt,katecrawford
steffanwatkins,katecrawford
dapbshq,katecrawford
trevorpaglen,katecrawford
margymaclibrary,katecrawford
emmaelonfan,karpathy
GustavoRazzo,karpathy
stevetrefethen,karpathy
annasofialesiv,karpathy
kraus_read,karpathy
ElonGoat_Musk,karpathy
Rajbhagwandin01,karpathy
DrFerdowsi,karpathy
IgorCarron,karpathy
davefontenot,karpathy
joooosssssssss,karpathy
bibekbhoix,karpathy
swarnlataaa,karpathy
gupta_parikshit,karpathy
callme_oso,karpathy
_Nilay_patel,karpathy
Mod3My,karpathy
WholeMarsBlog,karpathy
technosucks,karpathy
SauceN0tJuice,kareem_carr
ferriforme,kareem_carr
KristopheMurage,kareem_carr
Nona_edupl,kareem_carr
cgonzagaj,kareem_carr
MrsLaurzilla,kareem_carr
LizabethIrene,kareem_carr
Thorvaaldr,kareem_carr
brianz0r88,kareem_carr
saidou_boureima,kareem_carr
fukutax,k_leyton_brown
aigirlcoppelia,jure
changhwan_yi,jure
Fatemehsrz4,jure
CoderKumar21,jure
CZDS,jure
invokedynamic,jure
codesghorg,jure
Yomyi_C,jure
ikechukwuael,jure
burhr2,jure
Volton007,jure
zhaojuanwendy,jure
bharadwajved,jure
tiffani,jure
Johan65528303,jure
ML_Tweet_Bot,jure
pankaj_sonam,jure
danhpt,jure
Vantino_Soft,jure
sangramga,jure
_AkshayMenon_,jure
EvrimKorkmazOz,jure
Cool_Techno_Guy,jure
muktabh,jure
joaopedromatt,jure
AG_Oladepo,jure
JimmyDubuisson,jure
ML_Tweet_Bot,jure
LydoniaWeb,jure
MotiCohen5,jure
tiagoooliveira,jure
DMaryshine,jure
sangttruong,jure
DiverseInAI,jure
websoullabs,jure
warrend100,jure
mkareshk,jure
bocar_a,jonmummolo
CatchMoosa,joeddav
OpenSciTalk,joeddav
mart1nkle1n,jcdl20201
shawnmjones,jcdl20201
phonedude_mln,jcdl20201
yasithmilinda,jcdl20201
Gavindya2,jcdl20201
cni_org,jcdl20201
AixinSG,jcdl20201
Maggiekat12,jbouie
Torra_K,jbouie
modega_cat,jbouie
Stephano_N,jbouie
deevirgo590,jbouie
LiTAYLOR,jbouie
jarrow272,jbouie
wanderson91,jbouie
katimorris_h,jbouie
ArionneNettles,jbouie
shayes287,jbouie
falsebinary,jbouie
Artificialbra1n,jaom7
Napoolar,jaom7
ECMLPKDD,jaom7
lgalarra,jaom7
benoitfrenay,jaom7
MariaCaswell1,iseeaswell
guidozuc,invertedindex
vitroc,invertedindex
iadh,invertedindex
svakulenk0,invertedindex
hugo_zara,invertedindex
julia_kiseleva,invertedindex
HamedZamani,invertedindex
brifrischu,invertedindex
martacecchinato,invertedindex
maliannejadi,invertedindex
elad1,invertedindex
FenCameron,ilyaraz2
asilvaguilherme,ida_symposia
ATornede,ida_symposia
wever_marcel,ida_symposia
antagomir,ida_symposia
preslav_nakov,ida_symposia
djoerd,ian_soboroff
mkareshk,krisztianbalog
pt_ir,krisztianbalog
CharlotteHase,krisztianbalog
fhasibi,krisztianbalog
srchvrs,krisztianbalog
imsure318,krisztianbalog
frrncl,krisztianbalog
concordiah2020,kourtellis
yelenamejova,kourtellis
malekz4deh,kourtellis
EldarSilver,kourtellis
aravindhr_am,kourtellis
Diego_Perino,kourtellis
ImperialSysAL,kourtellis
_EduardMarin_,kourtellis
realhamed,kourtellis
VincentMo6,kourtellis
efilakka,kourtellis
SoterisD,kourtellis
CyberDFIR,kourtellis
sectest9,kourtellis
CyberSecurityN8,kourtellis
VincentMo6,kourtellis
joinGrit,kourtellis
iliasl,kourtellis
minoskt,kourtellis
botcybersec,kourtellis
ArgentinaDevops,kourtellis
jfcb_ice,kdnuggets
code_convention,kdnuggets
muktabh,kdnuggets
SundipVTekale,kdnuggets
sfavc_tweet,katecrawford
tigerbeat,katecrawford
wimlds,katecrawford
drscotthawley,katecrawford
AlexJohnLondon,katecrawford
saleemkhan,katecrawford
GrayAreaorg,katecrawford
Montreal_AI,katecrawford
merbroussard,katecrawford
barrythrew,katecrawford
cheznadia,katecrawford
ceobillionaire,katecrawford
WiMLDS_Paris,katecrawford
bmorphism,katecrawford
CityLightsBooks,katecrawford
blprnt,katecrawford
steffanwatkins,katecrawford
dapbshq,katecrawford
trevorpaglen,katecrawford
margymaclibrary,katecrawford
emmaelonfan,karpathy
GustavoRazzo,karpathy
stevetrefethen,karpathy
annasofialesiv,karpathy
kraus_read,karpathy
ElonGoat_Musk,karpathy
Rajbhagwandin01,karpathy
DrFerdowsi,karpathy
IgorCarron,karpathy
davefontenot,karpathy
joooosssssssss,karpathy
bibekbhoix,karpathy
swarnlataaa,karpathy
gupta_parikshit,karpathy
callme_oso,karpathy
_Nilay_patel,karpathy
Mod3My,karpathy
WholeMarsBlog,karpathy
technosucks,karpathy
SauceN0tJuice,kareem_carr
ferriforme,kareem_carr
KristopheMurage,kareem_carr
Nona_edupl,kareem_carr
cgonzagaj,kareem_carr
MrsLaurzilla,kareem_carr
LizabethIrene,kareem_carr
Thorvaaldr,kareem_carr
brianz0r88,kareem_carr
saidou_boureima,kareem_carr
fukutax,k_leyton_brown
aigirlcoppelia,jure
changhwan_yi,jure
Fatemehsrz4,jure
CoderKumar21,jure
CZDS,jure
invokedynamic,jure
codesghorg,jure
Yomyi_C,jure
ikechukwuael,jure
burhr2,jure
Volton007,jure
zhaojuanwendy,jure
bharadwajved,jure
tiffani,jure
Johan65528303,jure
ML_Tweet_Bot,jure
pankaj_sonam,jure
danhpt,jure
Vantino_Soft,jure
sangramga,jure
_AkshayMenon_,jure
EvrimKorkmazOz,jure
Cool_Techno_Guy,jure
muktabh,jure
joaopedromatt,jure
AG_Oladepo,jure
JimmyDubuisson,jure
ML_Tweet_Bot,jure
LydoniaWeb,jure
MotiCohen5,jure
tiagoooliveira,jure
DMaryshine,jure
sangttruong,jure
DiverseInAI,jure
websoullabs,jure
warrend100,jure
mkareshk,jure
bocar_a,jonmummolo
CatchMoosa,joeddav
OpenSciTalk,joeddav
mart1nkle1n,jcdl20201
shawnmjones,jcdl20201
phonedude_mln,jcdl20201
yasithmilinda,jcdl20201
Gavindya2,jcdl20201
cni_org,jcdl20201
AixinSG,jcdl20201
Maggiekat12,jbouie
Torra_K,jbouie
modega_cat,jbouie
Stephano_N,jbouie
deevirgo590,jbouie
LiTAYLOR,jbouie
jarrow272,jbouie
wanderson91,jbouie
katimorris_h,jbouie
ArionneNettles,jbouie
shayes287,jbouie
falsebinary,jbouie
Artificialbra1n,jaom7
Napoolar,jaom7
ECMLPKDD,jaom7
lgalarra,jaom7
benoitfrenay,jaom7
MariaCaswell1,iseeaswell
guidozuc,invertedindex
vitroc,invertedindex
iadh,invertedindex
svakulenk0,invertedindex
hugo_zara,invertedindex
julia_kiseleva,invertedindex
HamedZamani,invertedindex
brifrischu,invertedindex
martacecchinato,invertedindex
maliannejadi,invertedindex
elad1,invertedindex
FenCameron,ilyaraz2
asilvaguilherme,ida_symposia
ATornede,ida_symposia
wever_marcel,ida_symposia
antagomir,ida_symposia
preslav_nakov,ida_symposia
djoerd,ian_soboroff
