,source,target
0,seb_ruder,entolmachoff
1,seb_ruder,mireillecharper
2,seb_ruder,BarackObama
3,seb_ruder,DeepMind
4,seb_ruder,paperswithcode
5,seb_ruder,AndrewYNg
6,seb_ruder,AndrewM_We
7,seb_ruder,DeepMind
8,seb_ruder,SaschaTrippe
9,seb_ruder,math_rachel
10,seb_ruder,_inesmontani
11,seb_ruder,josh_tobin_
12,seb_ruder,jeremyphoward
13,seb_ruder,AndreasZeller
14,seb_ruder,GalaxyKate
15,seb_ruder,SanhEstPasMoi
16,seb_ruder,AlecRad
17,seb_ruder,abdallah197_
18,seb_ruder,SanhEstPasMoi
19,seb_ruder,DeepMind
20,seb_ruder,lena_voita
21,seb_ruder,spacy_io
22,seb_ruder,sannykimchi
23,seb_ruder,jeremyphoward
24,seb_ruder,huggingface
25,seb_ruder,paperswithcode
26,seb_ruder,SanhEstPasMoi
27,seb_ruder,CamachoCollados
28,seb_ruder,DeepMind
29,seb_ruder,GoogleAI
30,seb_ruder,Thom_Wolf
31,seb_ruder,hardmaru
32,seb_ruder,colinraffel
33,seb_ruder,Moustapha_6C
34,seb_ruder,Raspberry_Pi
35,seb_ruder,jeremyphoward
36,seb_ruder,natschluter
37,seb_ruder,paperswithcode
38,seb_ruder,sabelonow
39,seb_ruder,jeremyphoward
40,seb_ruder,the_antlr_guy
41,seb_ruder,coqui_ai
42,seb_ruder,iamtrask
43,seb_ruder,MasakhaneNLP
44,seb_ruder,math_rachel
45,seb_ruder,TensorFlow
46,seb_ruder,DeepMind
47,seb_ruder,hardmaru
48,seb_ruder,Thom_Wolf
49,seb_ruder,gcosma1
50,seb_ruder,alex_conneau
51,seb_ruder,chipro
52,seb_ruder,jeremyphoward
53,seb_ruder,alienelf
54,seb_ruder,chipro
55,seb_ruder,omarsar0
56,seb_ruder,wluper_
57,seb_ruder,fchollet
58,seb_ruder,gregd_nlp
59,seb_ruder,MarekRei
60,seb_ruder,jeremyphoward
61,seb_ruder,Parisa__Rashidi
62,seb_ruder,jeremyphoward
63,seb_ruder,dennybritz
64,seb_ruder,jeremyphoward
65,seb_ruder,lilianweng
66,seb_ruder,PeterMartigny
67,seb_ruder,kcimc
68,seb_ruder,HYannakoudakis
69,seb_ruder,mihail_eric
70,rctatman,TatianaTMac
71,rctatman,AriBerman
72,rctatman,KirkCodes
73,rctatman,staceyabrams
74,rctatman,DataSciBae
75,rctatman,GalaxyKate
76,rctatman,Max_Fisher
77,rctatman,hatr
78,rctatman,BBCNewsGraphics
79,rctatman,sarahookr
80,rctatman,tha_rami
81,rctatman,en_j_lindsay
82,rctatman,korolova
83,rctatman,allison_horst
84,rctatman,cfiesler
85,rctatman,spacy_io
86,rctatman,katecrawford
87,rctatman,emilymbender
88,rctatman,AishaBlake
89,rctatman,LisaDeBruine
90,rctatman,nlhkabu
91,rctatman,TomerUllman
92,rctatman,poppacalypse
93,rctatman,random_walker
94,rctatman,emilymbender
95,rctatman,le_roux_nicolas
96,rctatman,GretchenAMcC
97,rctatman,LacePadilla
98,rctatman,TedOnPrivacy
99,rctatman,wbrentthorne
100,rctatman,kareem_carr
101,rctatman,_inesmontani
102,rctatman,coqui_ai
103,rctatman,peteskomoroch
104,rctatman,MasakhaneNLP
105,rctatman,hspter
106,rctatman,strnr
107,rctatman,Data4BlackLives
108,rctatman,yy
109,rctatman,DingemanseMark
110,rctatman,DeepIndaba
111,rctatman,hypervisible
112,rctatman,heintgestae
113,rctatman,gdequeiroz
114,rctatman,lack_in_ai
115,rctatman,d3l1b1d1n8r
116,rctatman,fagfemme_menace
117,rctatman,jcllobet
118,rctatman,JuliaAngwin
119,rctatman,sarahookr
120,rctatman,_josh_meyer_
121,rctatman,alienelf
122,rctatman,mixedlinguist
123,rctatman,iainh_z
124,rctatman,hardmaru
125,rctatman,vogon
126,rctatman,rajiinio
127,rctatman,HarveenChadha
128,rctatman,mer__edith
129,rctatman,timnitGebru
130,rctatman,hannawallach
131,rctatman,timnitGebru
132,rctatman,gradientpu
133,rctatman,vboykis
134,rctatman,minrk
135,rctatman,NAACLHLT
136,rctatman,sarahookr
137,rctatman,TiltR
138,rctatman,LawAislinn
139,rctatman,coolbutuseless
140,rctatman,sschoenholz
141,rctatman,lesan_ai
142,rctatman,Nicole_Janeway
143,rctatman,williampietri
144,rctatman,AASchapiro
145,rctatman,aclmeeting
146,rctatman,matt_blackwell
147,rctatman,douwekiela
148,rctatman,gneubig
149,rctatman,jcllobet
150,rctatman,SanhEstPasMoi
151,rctatman,iseeaswell
152,rctatman,nihilist_ds
153,rctatman,rajiinio
154,rctatman,accessnow
155,rctatman,matplotli
156,math_rachel,Kasparov63
157,math_rachel,samswey
158,math_rachel,RealAbril
159,math_rachel,DanRather
160,math_rachel,chronicparent30
161,math_rachel,HabenGirma
162,math_rachel,arawnsley
163,math_rachel,michaelharriot
164,math_rachel,jeremyphoward
165,math_rachel,samswey
166,math_rachel,aekdal
167,math_rachel,CAKitchener
168,math_rachel,zeynep
169,math_rachel,zeynep
170,math_rachel,noUpside
171,math_rachel,YaelEisenstat
172,math_rachel,jeremyphoward
173,math_rachel,JimMFelton
174,math_rachel,IfeomaOzoma
175,math_rachel,edyong209
176,math_rachel,BreeNewsome
177,math_rachel,the_etheropian
178,math_rachel,jeremyphoward
179,math_rachel,BretDevereaux
180,math_rachel,JasonOverstreet
181,math_rachel,sannewman
182,math_rachel,zeynep
183,math_rachel,KeithNHumphreys
184,math_rachel,jbouie
185,math_rachel,rfrosencrans
186,math_rachel,IjeomaOluo
187,math_rachel,osazuwa
188,math_rachel,jeremyphoward
189,math_rachel,LarryGlickman
190,math_rachel,nicolask
191,math_rachel,random_walker
192,math_rachel,jenbrea
193,math_rachel,zeynep
194,math_rachel,kirstenweld
195,math_rachel,aprilaser
196,math_rachel,zeynep
197,math_rachel,chipro
198,math_rachel,CassieChristop
199,math_rachel,wfithian
200,math_rachel,JuliaLMarcus
201,math_rachel,zeynep
202,math_rachel,jeremyphoward
203,math_rachel,_rabia_ali_
204,math_rachel,timnitGebru
205,math_rachel,jeremyphoward
206,math_rachel,nanaslugdiva
207,math_rachel,zeynep
208,math_rachel,xkcdComic
209,math_rachel,SFdirewolf
210,math_rachel,Combsthepoet
211,math_rachel,RMac18
212,math_rachel,mikarv
213,math_rachel,timnitGebru
214,math_rachel,NesrineMalik
215,math_rachel,mekkaokereke
216,math_rachel,zeynep
217,math_rachel,sarahookr
218,math_rachel,random_walker
219,math_rachel,le_roux_nicolas
220,math_rachel,sidneyfussell
221,math_rachel,AbraarKaran
222,math_rachel,jeremyphoward
223,math_rachel,zeynep
224,math_rachel,AbraarKaran
225,math_rachel,mmitchell_ai
226,math_rachel,zeynep
227,math_rachel,hannawallach
228,math_rachel,zeynep
229,math_rachel,zeynep
230,math_rachel,rcalo
231,math_rachel,sarahfrier
232,math_rachel,jedmund
233,math_rachel,kareem_carr
234,math_rachel,rajiinio
235,math_rachel,timnitGebru
236,math_rachel,walkingrandomly
237,math_rachel,rondoftw
238,math_rachel,vineshgkannan
239,math_rachel,UpFromTheCracks
240,math_rachel,luckytran
241,math_rachel,noUpside
242,math_rachel,jeremyphoward
243,math_rachel,zeynep
244,math_rachel,jonmummolo
245,math_rachel,ahandvanish
246,math_rachel,Abeba
247,math_rachel,timnitGebru
248,math_rachel,hypervisible
249,math_rachel,nkjemisin
250,kdd_news,climagic
251,kdd_news,hacks4pancakes
252,kdd_news,goodfellow_ian
253,kdd_news,JeffDean
254,kdd_news,enhamner
255,kdd_news,enhamner
256,kdd_news,goodfellow_ian
257,kdd_news,illyuchenlin
258,kdd_news,pabbeel
259,kdd_news,jure
260,kdd_news,awmcmu
261,kdd_news,IBMResearch
262,kdd_news,AndrewYNg
263,kdd_news,AndrewYNg
264,kdd_news,mashable
265,kdd_news,KyleCranmer
266,kdd_news,siddharthb_
267,kdd_news,Miles_Brundage
268,kdd_news,shivon
269,kdd_news,igmlcom
270,kdd_news,zacharylipton
271,kdd_news,deaneckles
272,kdd_news,hardmaru
273,kdd_news,francoisfleuret
274,kdd_news,TechCrunch
275,kdd_news,mrogati
276,kdd_news,IBMResearch
277,kdd_news,ylecun
278,kdd_news,CaoHancheng
279,kdd_news,random_walker
280,kdd_news,techreview
281,kdd_news,gvenkataraman
282,kdd_news,afreedma
283,kdd_news,ylecun
284,kdd_news,jure
285,kdd_news,TechCrunch
286,kdd_news,MehrnooshSam
287,kdd_news,dirkvandenpoel
288,kdd_news,DrSenait
289,kdd_news,kdnuggets
290,kdd_news,PhysicsNews
291,kdd_news,2020_sdm
292,kdd_news,AmazonScience
293,kdd_news,2020_sdm
294,kdd_news,kdnuggets
295,kdd_news,dirkvandenpoel
296,kdd_news,Azure
297,kdd_news,enhamner
298,kdd_news,lingfei_wu
299,kdd_news,FrancescoBonchi
300,kdd_news,ffmagicbean
301,kdd_news,WikiResearch
302,kdd_news,rayidghani
303,kdd_news,akbc_conf
304,kdd_news,shobeirf
305,kdd_news,ericcolson
306,kdd_news,pmddomingos
307,kdd_news,ylecun
308,kdd_news,pinyuchenTW
309,kdd_news,kdnuggets
310,kdd_news,kdnuggets
311,kdd_news,acmeducation
312,kdd_news,etzioni
313,kdd_news,JohnAllenPaulos
314,kdd_news,radar
315,kdd_news,lingfei_wu
316,kdd_news,yanliu_usc
317,kdd_news,jure
318,kdd_news,tableau
319,kdd_news,WSDMSocial
320,kdd_news,mitultiwari
321,kdd_news,shobeirf
322,kdd_news,neilsgaikwad
323,kdd_news,tinaeliassi
324,kdd_news,erishabh
325,kdd_news,erishabh
326,kdd_news,kdnuggets
327,kdd_news,IDEA_KDD
328,kdd_news,rayidghani
329,kdd_news,ACM_President
330,kdd_news,pinyuchenTW
331,kdd_news,IDEA_KDD
332,jurafsky,neiltyson
333,jurafsky,radical_ai_
334,jurafsky,StanfordAILa
335,jurafsky,MSFTResearch
336,jurafsky,xkcdComic
337,jurafsky,stanfordnlp
338,jurafsky,sapinker
339,jurafsky,stanfordnlp
340,jurafsky,Tetreault_NLP
341,jurafsky,stanfordnlp
342,jurafsky,StanfordIRiSS
343,jurafsky,tablehopper
344,jurafsky,KitchenBee
345,jurafsky,TheWorld
346,jurafsky,techreview
347,jurafsky,_akpiper
348,jurafsky,drfeifei
349,jurafsky,NPRFood
350,jurafsky,msurd
351,jurafsky,aclmeeting
352,jurafsky,BostonGlobe
353,jurafsky,UChicago
354,jurafsky,TSchnoebelen
355,jurafsky,leraboroditsky
356,jurafsky,ryanroutledge
357,jurafsky,AngieCoiro
358,jurafsky,AnthonyMasonCBS
359,jurafsky,ethayarajh
360,jurafsky,EatingDirtSF
361,jurafsky,Fritinancy
362,jurafsky,rachellaudan
363,jurafsky,Uke7
364,jurafsky,TSchnoebelen
365,jurafsky,177MilkStreet
366,jurafsky,TheSporkful
367,jurafsky,rachellaudan
368,jurafsky,mythmenon
369,jurafsky,cc
370,jurafsky,Fritinancy
371,jurafsky,ShaneBergsma
372,ilyasut,michael_nielsen
373,ilyasut,sharifshameem
374,ilyasut,moyix
375,ilyasut,BillGates
376,ilyasut,gd
377,ilyasut,sharifshameem
378,ilyasut,OpenAI
379,ilyasut,OpenAI
380,ilyasut,OpenAI
381,ilyasut,OpenAI
382,ilyasut,eturner303
383,ilyasut,elonmusk
384,ilyasut,OpenAI
385,ilyasut,sama
386,ilyasut,OpenAI
387,ilyasut,sama
388,ilyasut,OpenAI
389,ilyasut,OpenAI
390,ilyasut,gd
391,ilyasut,OpenAI
392,ilyasut,BillGates
393,ilyasut,OpenAI
394,ilyasut,JeffDean
395,ilyasut,gd
396,ilyasut,OpenAI
397,ilyasut,CadeMetz
398,ilyasut,DeepMind
399,ilyasut,AlecRad
400,ilyasut,OpenAI
401,ilyasut,OpenAI
402,ilyasut,OpenAI
403,ilyasut,OpenAI
404,ilyasut,OpenAI
405,ilyasut,lexfridman
406,ilyasut,satyanadella
407,ilyasut,OpenAI
408,ilyasut,OpenAI
409,ilyasut,OpenAI
410,ilyasut,OpenAI
411,ilyasut,OpenAI
412,ilyasut,Guillegran
413,ilyasut,OpenAI
414,ilyasut,OpenAI
415,ilyasut,OpenAI
416,ilyasut,OpenAI
417,ilyasut,OpenAI
418,ilyasut,OpenAI
419,ilyasut,OpenAI
420,ilyasut,OpenAI
421,ilyasut,OpenAI
422,ilyasut,sama
423,ilyasut,OpenAI
424,ilyasut,gd
425,ilyasut,OpenAI
426,ilyasut,AravSrinivas
427,ilyasut,gd
428,ilyasut,DeepMind
429,ilyasut,OpenAI
430,ilyasut,gd
431,ilyasut,OpenAI
432,ilyasut,OpenAI
433,ilyasut,OpenAI
434,ilyasut,OpenAI
435,ilyasut,OpenAI
436,ilyasut,OpenAI
437,ilyasut,gd
438,ilyasut,OpenAI
439,ilyasut,OpenAI
440,ilyasut,danielgross
441,ilyasut,colinmegill
442,ilyasut,OpenAI
443,ilyasut,karpathy
444,ilyasut,gd
445,ilyasut,OpenAI
446,ilyasut,_joelsimon
447,ilyasut,OpenAI
448,ilyasut,OpenAI
449,ilyasut,nicolehe
450,ilyasut,sama
451,ilyasut,lilianweng
452,ilyasut,OpenAI
453,ilyasut,OpenAI
454,ilyasut,lilianweng
455,ilyasut,OpenAI
456,ilyasut,OpenAI
457,ilyasut,gd
458,ilyasut,OpenAI
459,ilyasut,OpenAI
460,ilyasut,OpenAI
461,ilyasut,PyTorch
462,ilyasut,OpenAI
463,ilyasut,gd
464,ecir2022,krisztianbalog
465,ecir2022,krisztianbalog
466,ecir2022,vinaysetty
467,dbamman,mewo2
468,dbamman,RubioGlitch
469,dbamman,fivethirtynate
470,dbamman,russfeingold
471,dbamman,Ted_Underwood
472,dbamman,Ted_Underwood
473,dbamman,lucy3_li
474,dbamman,scott_bot
475,dbamman,mrtz
476,dbamman,hspter
477,dbamman,6Bacon
478,dbamman,jblumenstock
479,dbamman,dmimno
480,dbamman,existentialcoms
481,dbamman,dasmiq
482,dbamman,azaroth42
483,dbamman,justingrimmer
484,dbamman,MohitIyyer
485,dbamman,rmack
486,dbamman,maria_antoniak
487,dbamman,BrentO
488,dbamman,jasonbaldridge
489,dbamman,dasmiq
490,dbamman,Ted_Underwood
491,dbamman,arthur_spirling
492,dbamman,adityagp
493,dbamman,vardi
494,dbamman,openscience
495,dbamman,oknilev
496,dbamman,Ted_Underwood
497,dbamman,dasmiq
498,dbamman,DH_2013
499,dbamman,mrogati
500,dbamman,Ted_Underwood
501,dbamman,Ted_Underwood
502,dbamman,echen
503,dbamman,emma_lurie
504,dbamman,TeXtip
505,dbamman,PhilologistGRC
506,dbamman,lucy3_li
507,dbamman,j0_0n
508,dbamman,Ted_Underwood
509,dbamman,katecrawford
510,dbamman,rendan642
511,dbamman,UCB_ScholComm
512,dbamman,dariahtdawg
513,dbamman,Ted_Underwood
514,dbamman,keegan
515,dbamman,nlpmattg
516,dbamman,CulturalAnalyt
517,dbamman,Ted_Underwood
518,dbamman,nlpandcss
519,dbamman,_akpiper
520,dbamman,yoavgo
521,dbamman,hannawallach
522,dbamman,BerkeleyISchool
523,dbamman,RichardJeanSo
524,dbamman,tallinzen
525,dbamman,mljockers
526,dbamman,KieranSnyder
527,dbamman,cindyanguyen
528,dbamman,Ted_Underwood
529,dbamman,wayword
530,dbamman,stanfordnlp
531,dbamman,_akpiper
532,dbamman,Ted_Underwood
533,dbamman,hannawallach
534,dbamman,nlpandcss
535,dbamman,WiNLPWorkshop
536,dbamman,Ted_Underwood
537,chrmanning,GavinNewsom
538,chrmanning,AOC
539,chrmanning,TerriIrwin
540,chrmanning,McFaul
541,chrmanning,ChrisMurphyCT
542,chrmanning,AlogoAgogo
543,chrmanning,callmeX
544,chrmanning,McFaul
545,chrmanning,RBReich
546,chrmanning,dmimno
547,chrmanning,davidhogg111
548,chrmanning,joshgans
549,chrmanning,SBSNews
550,chrmanning,caseyjohnston
551,chrmanning,kareem_carr
552,chrmanning,AndrewYNg
553,chrmanning,aotearoa_ben
554,chrmanning,jbhay
555,chrmanning,jacobeisenstein
556,chrmanning,srush_nlp
557,chrmanning,MarietjeSchaake
558,chrmanning,KyleCranmer
559,chrmanning,NewYorker
560,chrmanning,StanfordAILa
561,chrmanning,emeryberger
562,chrmanning,GoogleAI
563,chrmanning,stanfordnlp
564,chrmanning,chrmanning
565,chrmanning,stanfordnlp
566,chrmanning,spacy_io
567,chrmanning,AIATSIS
568,chrmanning,KieranSnyder
569,chrmanning,arielmc_g
570,chrmanning,gregggonsalves
571,chrmanning,rsalakhu
572,chrmanning,IndigenousXLtd
573,chrmanning,_rockt
574,chrmanning,AliceRGaby
575,chrmanning,math_rachel
576,chrmanning,RoKhanna
577,chrmanning,gneubig
578,chrmanning,Noahpinion
579,chrmanning,AndrewYNg
580,chrmanning,awnihannun
581,chrmanning,landay
582,chrmanning,noUpside
583,chrmanning,StanfordHAI
584,chrmanning,StanfordHAI
585,chrmanning,Benazir_Shah
586,chrmanning,tallinzen
587,chrmanning,MarietjeSchaake
588,chrmanning,hmason
589,chrmanning,ogrisel
590,chrmanning,annadgoldie
591,chrmanning,NandoDF
592,chrmanning,jackclarkSF
593,chrmanning,SkinnerPm
594,chrmanning,BrianLoweryPhD
595,chrmanning,nasrinmmm
596,chrmanning,tallinzen
597,chrmanning,fchollet
598,chrmanning,StanfordAILa
599,chrmanning,abigail_e_see
600,chrmanning,DeepLearningAI_
601,chrmanning,pomeranian99
602,chrmanning,CIFAR_News
603,chrmanning,stanfordnlp
604,chrmanning,jasonbaldridge
605,chrmanning,StanfordHAI
606,chrmanning,wellingmax
607,chrmanning,robreich
608,chrmanning,gregggonsalves
609,chrmanning,robreich
610,chrmanning,StanfordHAI
611,chrmanning,zachtratar
612,abhi1thakur,patcummins30
613,abhi1thakur,Twitter
614,abhi1thakur,elonmusk
615,abhi1thakur,NASA
616,abhi1thakur,erna_solberg
617,abhi1thakur,Snowden
618,abhi1thakur,TheEllenShow
619,abhi1thakur,pbhushan1
620,abhi1thakur,manishindiatv
621,abhi1thakur,ValaAfshar
622,abhi1thakur,ProfFeynman
623,abhi1thakur,TheDailyShow
624,abhi1thakur,AndrewYNg
625,abhi1thakur,MIT_CSAIL
626,abhi1thakur,BoredElonMusk
627,abhi1thakur,karpathy
628,abhi1thakur,fuzzyKB
629,abhi1thakur,ClementDelangue
630,abhi1thakur,Teslarati
631,abhi1thakur,gvanrossum
632,abhi1thakur,Hadley
633,abhi1thakur,erna_solberg
634,abhi1thakur,JonErlichman
635,abhi1thakur,GoogleCola
636,abhi1thakur,qlhoest
637,abhi1thakur,_bhaveshbhatt
638,abhi1thakur,huggingface
639,abhi1thakur,jeremyphoward
640,abhi1thakur,abhi1thakur
641,abhi1thakur,AndrewYNg
642,abhi1thakur,abhi1thakur
643,abhi1thakur,upura0
644,abhi1thakur,sgourley
645,abhi1thakur,huggingface
646,abhi1thakur,KirkDBorne
647,abhi1thakur,KirkDBorne
648,abhi1thakur,hardmaru
649,abhi1thakur,huggingface
650,abhi1thakur,KirkDBorne
651,abhi1thakur,GaelVaroquaux
652,abhi1thakur,iScienceLuvr
653,abhi1thakur,tunguz
654,abhi1thakur,huggingface
655,WebSciConf,theworldindex
656,WebSciConf,OSoMe_IU
657,WebSciConf,YahooResearch
658,WebSciConf,Walid_Magdy
659,WebSciConf,santo_fortunato
660,WebSciConf,emilio__ferrara
661,WebSciConf,susanjhalford
662,WebSciConf,DameWendyDBE
663,WebSciConf,OSoMe_IU
664,WebSciConf,IUNetSci
665,WebSciConf,dder
666,WebSciConf,emilio__ferrara
667,WebSciConf,TheOfficialACM
668,WebSciConf,danielequercia
669,WebSciConf,emilio__ferrara
670,WebSciConf,OSoMe_IU
671,WebSciConf,DameWendyDBE
672,WebSciConf,DameWendyDBE
673,WebSciConf,turinginst
674,WebSciConf,emilio__ferrara
675,WebSciConf,emilio__ferrara
676,WebSciConf,emilio__ferrara
677,WebSciConf,alexvespi
678,WebSciConf,emilio__ferrara
679,WebSciConf,emilio__ferrara
680,WebSciConf,emilio__ferrara
681,WebSciConf,emilio__ferrara
682,WebSciConf,stefhaustein
683,WebSciConf,sotonWSI
684,WebSciConf,WebScience16
685,WebSciConf,emilio__ferrara
686,WebSciConf,emilio__ferrara
687,WebSciConf,UTWthePodcast
688,WebSciConf,DameWendyDBE
689,WebSciConf,emilio__ferrara
690,WebSciConf,stefhaustein
691,WebSciConf,UoSMedia
692,WebSciConf,YahooResearch
693,WebSciConf,emilio__ferrara
694,WebSciConf,emilio__ferrara
695,WebSciConf,emilio__ferrara
696,WebSciConf,emilio__ferrara
697,WebSciConf,danjamker
698,WebSciConf,emilio__ferrara
699,WebSciConf,emilio__ferrara
700,WebSciConf,acerbialberto
701,WebSciConf,foucaultwelles
702,WebSciConf,nattiyak
703,WebSciConf,ingmarweber
704,WebSciConf,IULuddy
705,WebSciConf,robysinatra
706,WebSciConf,manoelribeiro
707,WebSciConf,gianluca_string
708,WebSciConf,sotonWSI
709,WebSciConf,DameWendyDBE
710,WebSciConf,kvlyle
711,WebSciConf,ZorzalErrante
712,WebSciConf,gianluca_string
713,WebSciConf,WebScience16
714,WebSciConf,WebScience16
715,WebSciConf,emilio__ferrara
716,WebSciConf,emilio__ferrara
717,WebSciConf,emilio__ferrara
718,WebSciConf,emilio__ferrara
719,WebSciConf,stefhaustein
720,WebSciConf,Isabella83
721,WebSciConf,JisunAn
722,WebSciConf,shawnmjones
723,WebSciConf,mleonurr
724,WebSciConf,DameWendyDBE
725,WebSciConf,lisaharris
726,WebSciConf,c0rrad0m0nti
727,WebSciConf,WebScience16
728,WebSciConf,LauraDeNardis
729,WebSciConf,mstrohm
730,WebSciConf,IWAN_RG
731,WebSciConf,kourtellis
732,WebSciConf,ZorzalErrante
733,WebSciConf,jahendler
734,WebSciConf,Rubywax
735,WebSciConf,DameWendyDBE
736,WebSciConf,DameWendyDBE
737,WSDMSocial,MSFTResearch
738,WSDMSocial,MSFTResearch
739,WSDMSocial,harryshum
740,WSDMSocial,saurabhbikram
741,WSDMSocial,MSFTResearch
742,WSDMSocial,gvrkiran
743,WSDMSocial,invertedindex
744,WSDMSocial,cvangysel
745,WSDMSocial,mounialalmas
746,WSDMSocial,gvrkiran
747,WSDMSocial,BaiduResearch
748,WSDMSocial,rabeeh
749,WSDMSocial,elad1
750,WSDMSocial,lajello
751,WSDMSocial,lajello
752,WSDMSocial,UnderdogGeek
753,WSDMSocial,libbykinsey
754,WSDMSocial,mounialalmas
755,WSDMSocial,elenadata
756,WSDMSocial,lgalarra
757,WSDMSocial,Maximilian_Ge
758,WSDMSocial,lauradietz99
759,WSDMSocial,rodrygo_santos
760,WSDMSocial,HarrieOos
761,WSDMSocial,mounialalmas
762,WSDMSocial,usait0
763,WSDMSocial,CarstenEickhoff
764,WSDMSocial,n_rassam
765,WSDMSocial,lxymichael
766,WSDMSocial,amy8492
767,WSDMSocial,n0mad_0
768,WSDMSocial,UnderdogGeek
769,WSDMSocial,HamedZamani
770,WSDMSocial,o_saja
771,WSDMSocial,elenadata
772,WSDMSocial,martinpotthast
773,WSDMSocial,krisztianbalog
774,WSDMSocial,emikelive
775,WSDMSocial,mounialalmas
776,WSDMSocial,WSDMSocial
777,WSDMSocial,openminted_eu
778,WSDMSocial,krisztianbalog
779,WSDMSocial,n_rassam
780,WSDMSocial,autreche
781,WSDMSocial,danpelleg
782,WSDMSocial,danpelleg
783,WSDMSocial,mdr
784,WSDMSocial,miha_jlo
785,WSDMSocial,WSDMConvERSe
786,WSDMSocial,tararootcake
787,WSDMSocial,heriram
788,WSDMSocial,FaezehEnsan
789,WSDMSocial,mounialalmas
790,WSDMSocial,zeh_silva
791,WSDMSocial,krisztianbalog
792,WSDMSocial,amy8492
793,WSDMSocial,speyronnet
794,WSDMSocial,mdr
795,WSDMSocial,gdfm7
796,WSDMSocial,amy8492
797,WSDMSocial,IR_oldie
798,Thom_Wolf,WIRED
799,Thom_Wolf,BarackObama
800,Thom_Wolf,rahmstorf
801,Thom_Wolf,KLdivergence
802,Thom_Wolf,strubell
803,Thom_Wolf,xkcdComic
804,Thom_Wolf,math_rachel
805,Thom_Wolf,celestekidd
806,Thom_Wolf,FryRsquared
807,Thom_Wolf,karpathy
808,Thom_Wolf,JeffDean
809,Thom_Wolf,SanhEstPasMoi
810,Thom_Wolf,gregstod
811,Thom_Wolf,srush_nlp
812,Thom_Wolf,SanhEstPasMoi
813,Thom_Wolf,huggingface
814,Thom_Wolf,spacy_io
815,Thom_Wolf,Thom_Wolf
816,Thom_Wolf,srush_nlp
817,Thom_Wolf,colinraffel
818,Thom_Wolf,DavidDuvenaud
819,Thom_Wolf,Eric_Wallace_
820,Thom_Wolf,CasualBrady
821,Thom_Wolf,huggingface
822,Thom_Wolf,madlag
823,Thom_Wolf,SanhEstPasMoi
824,Thom_Wolf,srush_nlp
825,Thom_Wolf,annargrs
826,Thom_Wolf,huggingface
827,Thom_Wolf,InriaParisNLP
828,Thom_Wolf,huggingface
829,Thom_Wolf,GuggerSylvain
830,Thom_Wolf,huggingface
831,Thom_Wolf,Ben_Hoov
832,Thom_Wolf,huggingface
833,Thom_Wolf,srush_nlp
834,Thom_Wolf,drfeifei
835,Thom_Wolf,huggingface
836,Thom_Wolf,ilyaraz2
837,Thom_Wolf,karpathy
838,Thom_Wolf,huggingface
839,Thom_Wolf,fhuszar
840,Thom_Wolf,math_rachel
841,Thom_Wolf,ylecun
842,Thom_Wolf,ClementDelangue
843,Thom_Wolf,tdietterich
844,Thom_Wolf,jacobmenick
845,Thom_Wolf,PyTorch
846,Thom_Wolf,huggingface
847,Thom_Wolf,huggingface
848,Thom_Wolf,huggingface
849,Thom_Wolf,ogrisel
850,Thom_Wolf,julien_c
851,Thom_Wolf,alex_conneau
852,Thom_Wolf,huggingface
853,Thom_Wolf,srush_nlp
854,Thom_Wolf,srush_nlp
855,Thom_Wolf,facebookai
856,Thom_Wolf,huggingface
857,Thom_Wolf,math_rachel
858,Thom_Wolf,joeddav
859,Thom_Wolf,huggingface
860,Thom_Wolf,huggingface
861,Thom_Wolf,huggingface
862,Thom_Wolf,spacy_io
863,Thom_Wolf,qlhoest
864,Thom_Wolf,ClementDelangue
865,Thom_Wolf,huggingface
866,Thom_Wolf,ukhndlwl
867,Thom_Wolf,ClementDelangue
868,Thom_Wolf,joeddav
869,Thom_Wolf,huggingface
870,Thom_Wolf,huggingface
871,Thom_Wolf,julien_c
872,Thom_Wolf,huggingface
873,Thom_Wolf,dustinvtran
874,Thom_Wolf,pierrci
875,Thom_Wolf,huggingface
876,Thom_Wolf,SanhEstPasMoi
877,Thom_Wolf,jeremyphoward
878,Thom_Wolf,huggingface
879,Thom_Wolf,PSH_Lewis
880,Thom_Wolf,katecrawford
881,TheWebConf,timberners_lee
882,TheWebConf,erishabh
883,TheWebConf,w3c
884,TheWebConf,w3c
885,TheWebConf,ipeirotis
886,TheWebConf,CERN
887,TheWebConf,wikiworkshop
888,TheWebConf,jahendler
889,TheWebConf,wimmics
890,TheWebConf,wikiworkshop
891,TheWebConf,korolova
892,TheWebConf,ACMBooks
893,TheWebConf,srijankedia
894,TheWebConf,elisa_omodei
895,TheWebConf,fabien_gandon
896,TheWebConf,csarven
897,TheWebConf,PolarBearby
898,TheWebConf,WikiResearch
899,TheWebConf,laroyo
900,TheWebConf,crowd_ai
901,TheWebConf,juliette_jarry
902,TheWebConf,mounialalmas
903,TheWebConf,jure
904,TheWebConf,fabien_gandon
905,TheWebConf,amrapaliz
906,TheWebConf,pgroth
907,TheWebConf,DameWendyDBE
908,TheWebConf,Floridi
909,TheWebConf,timalthoff
910,TheWebConf,Jiaqi_Ma_
911,TheWebConf,fabien_gandon
912,TheWebConf,TheWebConf
913,TheWebConf,AnLiGentile
914,TheWebConf,msirivia
915,TheWebConf,SpotifyResearch
916,TheWebConf,fabien_gandon
917,TheWebConf,fabien_gandon
918,TheWebConf,maulikkamdar
919,TheWebConf,wikiworkshop
920,TheWebConf,MarcoBrambi
921,TheWebConf,CyberAgent_PR
922,TheWebConf,emrek
923,TheWebConf,IlaTiddi
924,TheWebConf,wikiworkshop
925,TheWebConf,gianluca_string
926,TheWebConf,JChauche
927,TheWebConf,mounialalmas
928,TheWebConf,AnLiGentile
929,TheWebConf,ChaToX
930,TheWebConf,jure
931,TheWebConf,olafhartig
932,TheWebConf,UniversiteLyon
933,TheWebConf,HumLworkshop
934,TheWebConf,DavidKimelfeld
935,TheWebConf,cladep1
936,TheWebConf,olivierjeunen
937,TheWebConf,wikiworkshop
938,TheWebConf,msirivia
939,TheWebConf,hate_la
940,TheWebConf,cervisiarius
941,TheWebConf,fabien_gandon
942,TheWebConf,fabien_gandon
943,TheWebConf,danieldazac
944,SIGIRConf,SIGIRConf
945,SIGIRConf,NorbertFuhr
946,SIGIRConf,ACM_CHIIR
947,SIGIRConf,841io
948,SIGIRConf,SIGIRConf
949,SIGIRConf,acm_ictir
950,SIGIRConf,ACMSIGIR
951,SIGIRConf,ACM_CHIIR
952,SIGIRConf,ACM_CHIIR
953,SIGIRConf,ACM_CHIIR
954,SIGIRConf,SIGIRConf
955,SIGIRConf,ACM_CHIIR
956,SIGIRConf,fhasibi
957,SIGIRConf,SIGIRForum
958,SIGIRConf,SIGIRConf
959,SIGIRConf,SIGIRConf
960,SIGIRConf,JTrippas
961,SIGIRConf,SIGIRConf
962,SIGIRConf,damiano10
963,SIGIRConf,julian_urbano
964,SIGIRConf,ACM_CHIIR
965,SIGIRConf,ACM_CHIIR
966,SIGIRConf,luileito
967,SIGIRConf,SIGIRConf
968,SIGIRConf,miguelmalvarez
969,SIGIRConf,ACM_CHIIR
970,SIGIRConf,ACM_CHIIR
971,SIGIRConf,SIGIRConf
972,SIGIRConf,yashardel
973,SIGIRConf,ian_soboroff
974,SIGIRConf,erishabh
975,SIGIRConf,JTrippas
976,SIGIRConf,JTrippas
977,SIGIRConf,ACM_CHIIR
978,SIGIRConf,ACM_CHIIR
979,SIGIRConf,ACM_CHIIR
980,SIGIRConf,tetsuyasakai
981,SIGIRConf,SIGIRForum
982,SIGIRConf,SIGIRConf
983,SIGIRConf,SIGIRConf
984,SIGIRConf,ACM_CHIIR
985,SIGIRConf,ACM_CHIIR
986,SIGIRConf,ACM_CHIIR
987,SIGIRConf,leifos
988,SIGIRConf,chirag_shah
989,SIGIRConf,ACM_CHIIR
990,SIGIRConf,ACM_CHIIR
991,SIGIRConf,ACM_CHIIR
992,SIGIRConf,ACM_CHIIR
993,SIGIRConf,ACM_CHIIR
994,SIGIRConf,2021Ecir
995,RealAAAI,Kasparov63
996,RealAAAI,MIT_CSAIL
997,RealAAAI,k_leyton_brown
998,RealAAAI,techreview
999,RealAAAI,AIESConf
1000,RealAAAI,frossi_t
1001,RealAAAI,MonaJalal_
1002,RealAAAI,NITIAayog
1003,RealAAAI,MIT
1004,RealAAAI,erikbryn
1005,RealAAAI,erichorvitz
1006,RealAAAI,conitzer
1007,RealAAAI,k_leyton_brown
1008,RealAAAI,IBMResearch
1009,RealAAAI,mishumausam
1010,RealAAAI,anTusail
1011,RealAAAI,DataScienceNIG
1012,RealAAAI,vdignum
1013,RealAAAI,erichorvitz
1014,RealAAAI,lack_in_ai
1015,RealAAAI,k_leyton_brown
1016,RealAAAI,k_leyton_brown
1017,RealAAAI,DataScienceNIG
1018,RealAAAI,k_leyton_brown
1019,RealAAAI,prfsanjeevarora
1020,RealAAAI,RebeccaDRobbins
1021,RealAAAI,k_leyton_brown
1022,RealAAAI,AIESConf
1023,RealAAAI,k_leyton_brown
1024,RealAAAI,FLIxrisk
1025,RealAAAI,kerstingAIML
1026,RealAAAI,BarryOSullivan
1027,RealAAAI,etzioni
1028,RealAAAI,rao2z
1029,RealAAAI,MSFTResearch
1030,RealAAAI,k_leyton_brown
1031,RealAAAI,ChanghanWang
1032,RealAAAI,larsonchristina
1033,RealAAAI,rao2z
1034,RealAAAI,conitzer
1035,RealAAAI,conitzer
1036,RealAAAI,k_leyton_brown
1037,RealAAAI,BaiduResearch
1038,RealAAAI,Kasparov63
1039,RealAAAI,conitzer
1040,RealAAAI,rao2z
1041,RealAAAI,CRAtweets
1042,RealAAAI,OfficialACMW
1043,RealAAAI,ANUmedia
1044,RealAAAI,Steve_Rosenbush
1045,RealAAAI,JaredCouncil
1046,RealAAAI,PMinervini
1047,RealAAAI,conitzer
1048,RealAAAI,k_leyton_brown
1049,RealAAAI,rao2z
1050,RealAAAI,TobyWalsh
1051,RealAAAI,rao2z
1052,RealAAAI,techreview
1053,RealAAAI,rao2z
1054,RealAAAI,MSFTResearch
1055,RealAAAI,conitzer
1056,RealAAAI,rao2z
1057,RealAAAI,AmazonScience
1058,RealAAAI,k_leyton_brown
1059,RealAAAI,erichorvitz
1060,RealAAAI,kr_t
1061,ICCV_2021,elliottszwu
1062,ICCV_2021,yuyinzhou_cs
1063,ICCV_2021,CVPR
1064,ICCV_2021,DeepIndaba
1065,ICCV_2021,dakkaynak
1066,ICCV_2021,dimadamen
1067,ICCV_2021,dimadamen
1068,ICCV_2021,KaichunMo
1069,ICCV_2021,dimadamen
1070,ICCV_2021,dimadamen
1071,ICCV_2021,dimadamen
1072,ICCV_2021,BetoOchoa13
1073,ICCV_2021,McGill_CIM
1074,ICCV_2021,luevincent
1075,ICCV_2021,dimadamen
1076,ICCV_2021,dimadamen
1077,ICCV_2021,dimadamen
1078,ICCV_2021,eadeli
1079,ICCV_2021,dimadamen
1080,ICCV_2021,dimadamen
1081,ICCV_2021,JoniKamarainen
1082,ICCV_2021,Pedro18_Neto
1083,ICCV_2021,dimadamen
1084,ECMLPKDD,mpd37
1085,ECMLPKDD,DAMI_Social
1086,ECMLPKDD,EO_OPEN_SCIENCE
1087,ECMLPKDD,simidjievskin
1088,ECMLPKDD,christof77
1089,ECMLPKDD,heerme
1090,ECMLPKDD,dmirgroup
1091,ECMLPKDD,psteinb_
1092,ECMLPKDD,em_alam
1093,ECMLPKDD,BCAMBilbao
1094,ECMLPKDD,rupensa
1095,ECMLPKDD,FraunhoferIAIS
1096,ECMLPKDD,iainh_z
1097,ECMLPKDD,ruoccoma
1098,ECMLPKDD,abifet
1099,ECMLPKDD,KgrlW
1100,ECMLPKDD,heerme
1101,ECMLPKDD,SDA_Research
1102,ECMLPKDD,evitamonal
1103,ECMLPKDD,rupensa
1104,ECMLPKDD,rupensa
1105,ECMLPKDD,PLanillos
1106,ECMLPKDD,heerme
1107,ECMLPKDD,crefeda
1108,ECMLPKDD,GianniBarlacchi
1109,ECMLPKDD,lucpappalard
1110,ECMLPKDD,CapdevilaPujol
1111,ECMLPKDD,KirkDBorne
1112,ECMLPKDD,Michielstock
1113,ECMLPKDD,robipalo
1114,ECMLPKDD,nunompmoniz
1115,ECMLPKDD,ida_symposia
1116,ECMLPKDD,evitamonal
1117,ECMLPKDD,erlingozzo
1118,ECMLPKDD,iggiobattista
1119,ECMLPKDD,evitamonal
1120,ECMLPKDD,databris
1121,ECMLPKDD,jaom7
1122,ECMLPKDD,DAMI_Social
1123,ECMLPKDD,entoutsi
1124,ECMLPKDD,pakdd_social
1125,ECMLPKDD,FraunhoferIAIS
1126,ECMLPKDD,BioASQ
1127,ECMLPKDD,kdd_news
1128,ECMLPKDD,Piyush_IIITD
1129,ECMLPKDD,TEFresearch
1130,ECMLPKDD,evitamonal
1131,ECMLPKDD,CDcongress
1132,CVPR,greg_mori
1133,CVPR,WiMLworkshop
1134,CVPR,alxndrkalinin
1135,CVPR,Michael_J_Black
1136,CVPR,wjscheirer
1137,CVPR,DeepVision2020
1138,CVPR,jon_barron
1139,CVPR,RandomlyWalking
1140,CVPR,AlexTensor
1141,CVPR,facebookai
1142,CVPR,GoogleAI
1143,CVPR,lealtaixe
1144,CVPR,WiCVworkshop
1145,CVPR,GoogleAI
1146,CVPR,Cruise
1147,CVPR,AmazonScience
1148,CVPR,MattNiessner
1149,CVPR,jflalondeqc
1150,CVPR,ducha_aiki
1151,CVPR,RaquelUrtasun
1152,CVPR,IntelAIResearch
1153,CVPR,facebookai
1154,CVPR,humphrey_shi
1155,CVPR,facebookai
1156,CVPR,RaquelUrtasun
1157,CVPR,anikembhavi
1158,CVPR,TylerLHayes
1159,CVPR,ducha_aiki
1160,CVPR,IntelAIResearch
1161,CVPR,NVIDIAAI
1162,CVPR,anikembhavi
1163,CVPR,vbalnt
1164,CVPR,VanditGajjar
1165,CVPR,cristiancanton
1166,CVPR,ducha_aiki
1167,CVPR,cristiancanton
1168,CVPR,TacoCohen
1169,CVPR,negar_rz
1170,CVPR,humphrey_shi
1171,CVPR,utokyo_bunny
1172,CVPR,facebookai
1173,CVPR,lesa_ux
1174,CVPR,jponttuset
1175,CVPR,NVIDIAHPCDev
1176,CVPR,ducha_aiki
1177,CVPR,AljosaOsep
1178,CVPR,kwangmoo_yi
1179,CVPR,Michael_J_Black
1180,CVPR,Intelinair
1181,CVPR,AmazonScience
1182,CVPR,AmazonScience
1183,CVPR,MSFTResearch
1184,CVPR,WiCVworkshop
1185,CVPR,sgould_au
1186,CVPR,ilkedemir
1187,CVPR,SergeBelongie
1188,CVPR,AnirudhSom
1189,CVPR,CSProfKGD
1190,CVPR,zsoltkira
1191,CVPR,AmazonScience
1192,CVPR,anthony_cioppa
1193,CVPR,hyper360_eu
1194,CVPR,PlaymentHQ
1195,CVPR,LyftLevel5
1196,CVPR,LSHVU
1197,CVPR,SergeBelongie
1198,CVPR,RSIPvision
1199,CVPR,dimadamen
1200,CVPR,lesa_ux
1201,CVPR,ketsumedo_yarou
1202,CVPR,lesa_ux
1203,CVPR,NVIDIAEmbedded
1204,CVPR,RahelJhirad
1205,ACMSIGIR,ACMDL
1206,ACMSIGIR,ACM_CHIIR
1207,ACMSIGIR,ACM_CHIIR
1208,ACMSIGIR,cikm2020
1209,ACMSIGIR,jcdl20201
1210,ACMSIGIR,cikm2020
1211,ACMSIGIR,BenCarterette
1212,ACMSIGIR,BenCarterette
1213,ACMSIGIR,ACM_CHIIR
1214,ACMSIGIR,leifos
1215,ACMSIGIR,CharlotteHase
1216,ACMSIGIR,SIGIRForum
1217,ACMSIGIR,SIGIRConf
1218,ACMSIGIR,ictir2020
1219,ACMSIGIR,iadh
1220,ACMSIGIR,craig_macdonald
1221,ACMSIGIR,SIGIR17
1222,ACMSIGIR,WomenInIR
1223,ACMSIGIR,phonedude_mln
1224,ACMSIGIR,ACM_CHIIR
1225,ACMSIGIR,BenCarterette
1226,ACMSIGIR,SIGIRForum
1227,ACMSIGIR,BenCarterette
1228,ACMSIGIR,SIGIRForum
1229,ACMSIGIR,ACM_CHIIR
1230,ACMSIGIR,SIGIR17
1231,ACMSIGIR,SIGIRConf
1232,ACMSIGIR,RuSSIR
1233,ACMSIGIR,guidozuc
1234,ACMSIGIR,chirag_shah
1235,ACMSIGIR,IR_oldie
1236,ACMSIGIR,jteevan
1237,ACMSIGIR,mounialalmas
1238,ACMSIGIR,tamer_elsayed
1239,ACMSIGIR,UnderdogGeek
1240,ACMSIGIR,HamedZamani
1241,ACMSIGIR,tetsuyasakai
1242,ACMSIGIR,SIGIRConf
1243,ACMSIGIR,SIGIRConf
1244,ACMSIGIR,leifos
1245,ACMSIGIR,StefanHeindorf
1246,ACMSIGIR,AusDocCompSymp
1247,ACMSIGIR,ACM_CHIIR
1248,ACMSIGIR,SIGIR17
1249,ACMSIGIR,MaramHasanain
1250,ACMSIGIR,AldoLipani
1251,ACMSIGIR,JTrippas
1252,ACMRecSys,ACMIUI
1253,ACMRecSys,AcademicsSay
1254,ACMRecSys,aquigley
1255,ACMRecSys,alexk_z
1256,ACMRecSys,NetflixResearch
1257,ACMRecSys,ACMRecSys
1258,ACMRecSys,jure
1259,ACMRecSys,sigchi
1260,ACMRecSys,ACMRecSys
1261,ACMRecSys,ACMRecSys
1262,ACMRecSys,trustswz
1263,ACMRecSys,DrCh0le
1264,ACMRecSys,denisparra
1265,ACMRecSys,alexk_z
1266,ACMRecSys,arrysmyth
1267,ACMRecSys,alansaid
1268,ACMRecSys,SpotifyResearch
1269,ACMRecSys,JustinBasilico
1270,ACMRecSys,alexk_z
1271,ACMRecSys,ngrams
1272,ACMRecSys,recsyschallenge
1273,ACMRecSys,gamboviol
1274,ACMRecSys,HannaJSchaefer
1275,ACMRecSys,recsyschallenge
1276,ACMRecSys,_5K
1277,ACMRecSys,HamedZamani
1278,ACMRecSys,ctrattner
1279,ACMRecSys,SpotifyResearch
1280,ACMRecSys,plamere
1281,ACMRecSys,alansaid
1282,ACMRecSys,domonkostikk
1283,ACMRecSys,recsyschallenge
1284,ACMRecSys,recsyschallenge
1285,ACMRecSys,alansaid
1286,ACMRecSys,ACMRecSys
1287,ACMRecSys,mxqdr
1288,ACMRecSys,taoyeah
1289,ACMRecSys,sidooms
1290,ACMRecSys,__luca
1291,ACMRecSys,mireillemoret
1292,ACMRecSys,mdekstrand
1293,ACMRecSys,alazshidasi
1294,ACMRecSys,alansaid
1295,ACMRecSys,FTHopf
1296,ACMRecSys,ds_ldn
1297,ACMRecSys,alansaid
1298,ACMRecSys,JustinBasilico
1299,ACMRecSys,taoyeah
1300,ACMRecSys,alazshidasi
1301,ACMRecSys,alansaid
1302,ACMRecSys,dlrs_workshop
1303,YunuSemih,seb_ruder
1304,coffeycode,seb_ruder
1305,DiamondCrouping,seb_ruder
1306,epuujee,seb_ruder
1307,BigBetAnalytics,seb_ruder
1308,SRoyLee,seb_ruder
1309,robinwritescode,seb_ruder
1310,seoyeonp_,seb_ruder
1311,dhruvghulati,seb_ruder
1312,1957e2,seb_ruder
1313,bwinterrose,seb_ruder
1314,rashinyoni,seb_ruder
1315,sdhdezp,seb_ruder
1316,KouroshMeshgi,seb_ruder
1317,leepersil,seb_ruder
1318,crisis_ti,seb_ruder
1319,verycourt,seb_ruder
1320,johnpac76,seb_ruder
1321,FedPernici,seb_ruder
1322,wavybatman,seb_ruder
1323,epuujee,seb_ruder
1324,beramMusa,seb_ruder
1325,Datenverlust,seb_ruder
1326,1957e2,seb_ruder
1327,MAltman64114495,seb_ruder
1328,yurimalheiros,seb_ruder
1329,jainnitk,seb_ruder
1330,subhobrata1,seb_ruder
1331,3aliahamwi,seb_ruder
1332,dangne99,seb_ruder
1333,HBAkirmak,seb_ruder
1334,Pablogomez3,seb_ruder
1335,MoustaphaSheikh,seb_ruder
1336,Bemougoula2,seb_ruder
1337,HBAkirmak,seb_ruder
1338,veydpz_public,seb_ruder
1339,LabeledData,seb_ruder
1340,gangeshwark,seb_ruder
1341,jochenleidner,seb_ruder
1342,RJLAyalaWilt,seb_ruder
1343,kazanagisora,seb_ruder
1344,ev_fedorenko,seb_ruder
1345,klewer8,seb_ruder
1346,DrPhilSmith1,seb_ruder
1347,seanmylaw,seb_ruder
1348,rilwan128,seb_ruder
1349,rodrikk,seb_ruder
1350,romain_riviere,seb_ruder
1351,adssidhu86,seb_ruder
1352,cnnjojo,seb_ruder
1353,JunsongW,seb_ruder
1354,BlkHwk0ps,seb_ruder
1355,cmndln,seb_ruder
1356,coastalcph,seb_ruder
1357,goldexcallibur1,seb_ruder
1358,hrosmendez,seb_ruder
1359,viverdedados,rctatman
1360,cheers360,rctatman
1361,epuujee,rctatman
1362,Kevin_Ferret,rctatman
1363,mohansiva_sai,rctatman
1364,DigitalesMaster,rctatman
1365,eybarnei,rctatman
1366,paulanietog,rctatman
1367,Labophil,rctatman
1368,nettra,rctatman
1369,seedowney,rctatman
1370,MelTorefas,rctatman
1371,9ncM9v2R,rctatman
1372,zabazaza,rctatman
1373,HaroldPedroso,rctatman
1374,jainnitk,rctatman
1375,MelTorefas,rctatman
1376,_bam098,rctatman
1377,tahsin_mayeesha,rctatman
1378,lonepattern,rctatman
1379,Supermathie,rctatman
1380,altrealist,rctatman
1381,mediasittich,rctatman
1382,Janu_Sundarj,rctatman
1383,TunguzReview,rctatman
1384,PyeFiona,rctatman
1385,tonbotomoe,rctatman
1386,Guvvalapavanku1,math_rachel
1387,nicholae,math_rachel
1388,ML_Tweet_Bot,math_rachel
1389,EticasConsult,math_rachel
1390,epuujee,math_rachel
1391,Nidhich3,math_rachel
1392,Mazi_Obinna,math_rachel
1393,bexxmodd,math_rachel
1394,erinjerri,math_rachel
1395,riskdesigner,math_rachel
1396,BerkeleyDataSci,kdd_news
1397,Berkeley_EECS,kdd_news
1398,NetworkTremieu,kdd_news
1399,rguptaji,kdd_news
1400,Satrdays_DC,kdd_news
1401,leitang,kdd_news
1402,SF_BayArea_ACM,kdd_news
1403,SVSIGGRAPH,kdd_news
1404,PydatalabUSAL,kdd_news
1405,SRoyLee,kdd_news
1406,DashBer28836525,kdd_news
1407,vclaTUwien,kdd_news
1408,RalfKlinkenberg,kdd_news
1409,bexxmodd,kdd_news
1410,SIAMDataMining,kdd_news
1411,ChrisPeikert,kdd_news
1412,MSU_Egr_News,kdd_news
1413,michaelzeller,kdd_news
1414,gtrbi,kdd_news
1415,KatharinaJutta,kdd_news
1416,rijitK,kdd_news
1417,ac7ionabl3,kdd_news
1418,uklobe,kdd_news
1419,leogrina,kdd_news
1420,mauricemulvenna,kdd_news
1421,spray83,kdd_news
1422,PengDai_ca,kdd_news
1423,hubofml,kdd_news
1424,jaegerjackie,kdd_news
1425,siddharthb_,kdd_news
1426,ML_Tweet_Bot,kdd_news
1427,RalfKlinkenberg,kdd_news
1428,jfhaynes,kdd_news
1429,dshugars,kdd_news
1430,sportstechws,kdd_news
1431,tarundsnaol,jurafsky
1432,DeathPoseidon,jurafsky
1433,imtejas13,jurafsky
1434,ElenLeFoll,jurafsky
1435,MOMeachair,jurafsky
1436,WisalKhwaja,jurafsky
1437,frankml10,jurafsky
1438,mjoehlerich,jurafsky
1439,dovgvlad,jurafsky
1440,TeaHuggerGSO,jurafsky
1441,Duyvvu,jurafsky
1442,CBolibaugh,jurafsky
1443,MsPeregrine_,jurafsky
1444,msurd,jurafsky
1445,olgakoveneva,jurafsky
1446,Irzhik3,jurafsky
1447,Pythonista1,jurafsky
1448,k4nnn6843,jurafsky
1449,asifrazzaq1988,jurafsky
1450,kmario234,jurafsky
1451,Wenpeng_Yin,jurafsky
1452,patternproject,jurafsky
1453,LellaVardan,jurafsky
1454,me_disabled,jurafsky
1455,Kricketime,jurafsky
1456,nedjmaou,jurafsky
1457,JayPate97356556,jurafsky
1458,shailjaThakur3,jurafsky
1459,_shengche,jurafsky
1460,northboundlane,jurafsky
1461,bodrell,jurafsky
1462,visual_linguist,jurafsky
1463,kemmorey1,jurafsky
1464,SalehCU,jurafsky
1465,framrus,jurafsky
1466,ArjumandYounus,jurafsky
1467,AnglistikaFFUL,jurafsky
1468,LanguageMIT,jurafsky
1469,i_sanvi,jurafsky
1470,eatingalonepix,jurafsky
1471,engin32m,jurafsky
1472,TheAshenLight,jurafsky
1473,OliBox1,jurafsky
1474,joycehanson,jurafsky
1475,ajeyatj,jurafsky
1476,uamuzik,jurafsky
1477,acrossbook,jurafsky
1478,teogiord,jurafsky
1479,jamiekim,jurafsky
1480,bulicny,jurafsky
1481,kelsamur_nyc,jurafsky
1482,jacquehtidwell,jurafsky
1483,bridgetwhitlow,jurafsky
1484,localeatr,jurafsky
1485,becauselangpod,jurafsky
1486,TSchnoebelen,jurafsky
1487,a_e_lang,jurafsky
1488,gmonce,jurafsky
1489,niam,jurafsky
1490,elaherah,jurafsky
1491,cookindineout,jurafsky
1492,msurd,jurafsky
1493,danschmidtke,jurafsky
1494,TSchnoebelen,jurafsky
1495,IceCreamFoodFan,jurafsky
1496,bryanroutledge,jurafsky
1497,RobertaAlgeri,jurafsky
1498,amirieb,jurafsky
1499,mazycat,jurafsky
1500,lynneguist,jurafsky
1501,moximer,jurafsky
1502,prknoll,jurafsky
1503,_ERLNMYR,jurafsky
1504,localeatr,jurafsky
1505,GrateFullLife,jurafsky
1506,Leo___Sturm,jurafsky
1507,niam,jurafsky
1508,ValleyOfSilicon,jurafsky
1509,HarvardBooks,jurafsky
1510,SedighKhademi,jurafsky
1511,kelsamur_nyc,jurafsky
1512,orenhazai,jurafsky
1513,gnl_sabah,jurafsky
1514,seemsArtless,jurafsky
1515,d_raydenn,jurafsky
1516,CandycaneBelle,jurafsky
1517,haspelmath,jurafsky
1518,DH_FBK,jurafsky
1519,GULSHANKUMARSAH,jurafsky
1520,AchilleTalon,jurafsky
1521,AlexMurzaku,jurafsky
1522,BreakThruRadio,jurafsky
1523,stanfordnlp,jurafsky
1524,leahvelleman,jurafsky
1525,RishiBommasani,jurafsky
1526,mrdrozdov,jurafsky
1527,fjfbupt,jurafsky
1528,rachellaudan,jurafsky
1529,roseberrymaier,jurafsky
1530,aCraigPfeifer,jurafsky
1531,mjmrsc,jurafsky
1532,elkhereiji,jurafsky
1533,vereneesa,ilyasut
1534,anvesh_4,ilyasut
1535,HeesooMyeong,ilyasut
1536,MuyiwaWilliams_,ilyasut
1537,AIexLaurence,ilyasut
1538,yarphs,ilyasut
1539,aha_momentum,ilyasut
1540,_____Momin,ilyasut
1541,Shashank_Mouli,ilyasut
1542,bob_burrough,ilyasut
1543,chiefaiofficers,ilyasut
1544,poppy_wyatt,ilyasut
1545,brain4ai,ilyasut
1546,hatchling_13,ilyasut
1547,phschaer,ecir2022
1548,raffaele_perego,ecir2022
1549,trigk,dbamman
1550,data_fiend,dbamman
1551,ApproximateJoe,dbamman
1552,irenemcho,dbamman
1553,e_dythe,dbamman
1554,keatonprice,dbamman
1555,sprads,dbamman
1556,DrSkippy,dbamman
1557,YaleClassicsLib,dbamman
1558,loradeets,dbamman
1559,nitin,dbamman
1560,brendan642,dbamman
1561,colochef,dbamman
1562,RickBrannan,dbamman
1563,murarigoswami,dbamman
1564,tattinsphue,dbamman
1565,vicomdoni,dbamman
1566,GretaFranzini,dbamman
1567,MeronHardnett,dbamman
1568,rbuurma,dbamman
1569,brendan642,dbamman
1570,jacobeisenstein,dbamman
1571,XiangruTang,dbamman
1572,katiestasaski,dbamman
1573,rosenzweig1991,dbamman
1574,CaoHancheng,dbamman
1575,Nonnepossopi1,dbamman
1576,chumulu,dbamman
1577,coastalcph,dbamman
1578,CLARINERIC,dbamman
1579,annejonas,dbamman
1580,glebourd,dbamman
1581,jon_gillick,dbamman
1582,LukeZettlemoyer,dbamman
1583,JensVisitorDesk,dbamman
1584,michellewitte,dbamman
1585,Jberenike,dbamman
1586,NickySLloyd,dbamman
1587,RebeccaCambodia,dbamman
1588,MohitIyyer,dbamman
1589,BerkeleyDataSci,dbamman
1590,AngelJSalazar,dbamman
1591,SaschaGriffiths,dbamman
1592,WizardOfDocs,dbamman
1593,dccc_phd,dbamman
1594,cindyanguyen,dbamman
1595,alanyliu,dbamman
1596,a_e_lang,dbamman
1597,alanyliu,dbamman
1598,IgorBrigadir,dbamman
1599,clured,dbamman
1600,neelsmithhc,dbamman
1601,jeridfrancom,dbamman
1602,ktsword,dbamman
1603,BerkeleyISchool,dbamman
1604,cat_c_b,dbamman
1605,_DLPBGJ80C04Z_,chrmanning
1606,NabilAdams,chrmanning
1607,Samujjwal_Sam,chrmanning
1608,daisy_qx_deng,chrmanning
1609,HanGuo97,chrmanning
1610,Miruna_Pislar,chrmanning
1611,rohit_rathore2,chrmanning
1612,bazile,chrmanning
1613,onurvarol,chrmanning
1614,math_hope,chrmanning
1615,FxCebx,chrmanning
1616,meghna_hooda,chrmanning
1617,DoctorAfghan,chrmanning
1618,DiscriminantBot,chrmanning
1619,erinpac,chrmanning
1620,phoenix24,chrmanning
1621,ume_kyd,chrmanning
1622,KouroshMeshgi,chrmanning
1623,_Nrgeup,chrmanning
1624,oahmady,chrmanning
1625,ReinforcementB,chrmanning
1626,WalidShalaby9,chrmanning
1627,levhita,chrmanning
1628,el_keogh,chrmanning
1629,MassimoRuffolo,chrmanning
1630,mrhctr,chrmanning
1631,drewAhudson,chrmanning
1632,captorofimages,chrmanning
1633,kellyscientist,chrmanning
1634,ameliovr,chrmanning
1635,AzureRose4,chrmanning
1636,XianzhiDai,chrmanning
1637,edureisMD,chrmanning
1638,maherjend,chrmanning
1639,somaleedatta,chrmanning
1640,siliconvalleyAI,chrmanning
1641,sriharshams,chrmanning
1642,vinay83372799,chrmanning
1643,the_data_dev,chrmanning
1644,hwingo,chrmanning
1645,GouriGinde,chrmanning
1646,sangramga,chrmanning
1647,balde_ahmed,chrmanning
1648,yigalpage,chrmanning
1649,arunkumar_bvr,chrmanning
1650,AuntMinnie,chrmanning
1651,ML_Tweet_Bot,chrmanning
1652,Nickola90255904,chrmanning
1653,hd_subrata,abhi1thakur
1654,Rashed_majed_R,abhi1thakur
1655,BlkHwk0ps,abhi1thakur
1656,25_4oz,abhi1thakur
1657,Rasula14,abhi1thakur
1658,JKleenankandy,abhi1thakur
1659,_kareem_tunde,abhi1thakur
1660,ML_Tweet_Bot,abhi1thakur
1661,DeepHindsight,abhi1thakur
1662,MrVivekKumarTi1,abhi1thakur
1663,ChuQuocQuan1,abhi1thakur
1664,kamama_ai,abhi1thakur
1665,bexxmodd,abhi1thakur
1666,hatimnagarwala,abhi1thakur
1667,ML_Tweet_Bot,abhi1thakur
1668,PyDataBristol,abhi1thakur
1669,pete81505607,abhi1thakur
1670,arth573,abhi1thakur
1671,achillar2,abhi1thakur
1672,acmwsrm,abhi1thakur
1673,matsuco_std,abhi1thakur
1674,mash_umapathy,abhi1thakur
1675,dnrusakov,abhi1thakur
1676,BlkHwk0ps,abhi1thakur
1677,unpair_idiot,abhi1thakur
1678,Umbrella_Sierra,abhi1thakur
1679,maxxx_patel,abhi1thakur
1680,godfrey_G_,abhi1thakur
1681,trendsinAI,abhi1thakur
1682,naijalaysian,abhi1thakur
1683,tmasada,abhi1thakur
1684,unpair_idiot,abhi1thakur
1685,BlkHwk0ps,abhi1thakur
1686,KingEdwin7,abhi1thakur
1687,epuujee,abhi1thakur
1688,doxdankk,abhi1thakur
1689,umarvinci,abhi1thakur
1690,theNeomatrix369,abhi1thakur
1691,etedadd,abhi1thakur
1692,busuulwa_mark,abhi1thakur
1693,bexxmodd,abhi1thakur
1694,sumitsethy,abhi1thakur
1695,aiplusunilag,abhi1thakur
1696,naijalaysian,abhi1thakur
1697,matteo_turla_,abhi1thakur
1698,yasinkabir,abhi1thakur
1699,DabhiLevin,abhi1thakur
1700,bexxmodd,abhi1thakur
1701,law_Tjatjie,abhi1thakur
1702,Lemmafire,abhi1thakur
1703,Azarkhalili,abhi1thakur
1704,C4OI748N,abhi1thakur
1705,eteeeeeerminal,abhi1thakur
1706,navnit_28,abhi1thakur
1707,faysalhamid707,abhi1thakur
1708,evdisha,abhi1thakur
1709,icaroagostino,abhi1thakur
1710,_FaridRodriguez,abhi1thakur
1711,bexxmodd,abhi1thakur
1712,atystats,abhi1thakur
1713,Teja94bt,abhi1thakur
1714,doxdankk,abhi1thakur
1715,nsankar,abhi1thakur
1716,epuujee,abhi1thakur
1717,snrspeaks,abhi1thakur
1718,figuerosky,abhi1thakur
1719,talkdatatomee,abhi1thakur
1720,hastur_kato,abhi1thakur
1721,youichiroz,abhi1thakur
1722,BotRaj1,abhi1thakur
1723,30xcodes,abhi1thakur
1724,coderKshatriya,abhi1thakur
1725,AtoyebiAbidemi3,abhi1thakur
1726,ShreyaGDr,abhi1thakur
1727,Kurbonali_K,abhi1thakur
1728,miwojcz,abhi1thakur
1729,pankajmathur_,abhi1thakur
1730,unpair_idiot,abhi1thakur
1731,_MauroSalazar,abhi1thakur
1732,Arsalanvossough,abhi1thakur
1733,digitalhealthxx,abhi1thakur
1734,sangeeta15790,abhi1thakur
1735,BackDoo94,abhi1thakur
1736,labbaali,abhi1thakur
1737,Mariya_Isograph,abhi1thakur
1738,souhardya69,abhi1thakur
1739,Pavle35463741,abhi1thakur
1740,kekacang,abhi1thakur
1741,ML_Tweet_Bot,abhi1thakur
1742,KingEdwin7,abhi1thakur
1743,galileoeni,abhi1thakur
1744,PRAT33K_Sri,abhi1thakur
1745,KestlerEdwin,abhi1thakur
1746,crypto5o4,abhi1thakur
1747,bexxmodd,abhi1thakur
1748,epuujee,abhi1thakur
1749,opexxx,abhi1thakur
1750,seyiojediran,abhi1thakur
1751,ashishlogmaster,abhi1thakur
1752,morgan94088660,abhi1thakur
1753,resetar_jozef,abhi1thakur
1754,jimmyroybloom,abhi1thakur
1755,hasaansaikat,abhi1thakur
1756,godfrey_G_,abhi1thakur
1757,morolswediu,abhi1thakur
1758,FurudateK,abhi1thakur
1759,BlkHwk0ps,abhi1thakur
1760,AtulPat24952990,abhi1thakur
1761,calabi_and_yau,abhi1thakur
1762,ChinksSon,abhi1thakur
1763,doesdatmaksense,abhi1thakur
1764,abellogin,WebSciConf
1765,danjamker,WebSciConf
1766,arkaitz,WebSciConf
1767,abellogin,WebSciConf
1768,KAZurcher,WebSciConf
1769,GuacWithTwoLegs,WebSciConf
1770,bkeegan,WebSciConf
1771,axelstreichen,WebSciConf
1772,marco_java,WebSciConf
1773,QMUL_DC,WebSciConf
1774,tjorphd,WebSciConf
1775,elisab79,WebSciConf
1776,ka_kinder,WebSciConf
1777,jillhopke,WebSciConf
1778,fukutax,WebSciConf
1779,shawnmjones,WebSciConf
1780,sinemetuvivere,WebSciConf
1781,ChabukaisixL,WebSciConf
1782,peterpaws,WebSciConf
1783,WebSciCologne,WebSciConf
1784,iricelino,WebSciConf
1785,ZohrehZahedi,WebSciConf
1786,ciro,WebSciConf
1787,stefhaustein,WebSciConf
1788,phschaer,WebSciConf
1789,shawnmjones,WebSciConf
1790,intersticia,WebSciConf
1791,kwelle,WebSciConf
1792,arkaitz,WebSciConf
1793,ACM_SIGWEB,WebSciConf
1794,sotonWSI,WebSciConf
1795,emilio__ferrara,WebSciConf
1796,gjhouben,WebSciConf
1797,tjorphd,WebSciConf
1798,ACM_SIGWEB,WebSciConf
1799,scheeloong,WSDMSocial
1800,ZhuorenJiang,WSDMSocial
1801,ali_h_vahid,WSDMSocial
1802,danjamker,WSDMSocial
1803,gvrkiran,WSDMSocial
1804,yasmina_anwar,WSDMSocial
1805,faabom,WSDMSocial
1806,davidcarmel,WSDMSocial
1807,Moha_Magdy,WSDMSocial
1808,giulionapo,WSDMSocial
1809,liuhuan,WSDMSocial
1810,arjenpdevries,WSDMSocial
1811,mrowebot,WSDMSocial
1812,gangulyniloy,WSDMSocial
1813,_ConferenceList,WSDMSocial
1814,zhaochun_ren,WSDMSocial
1815,edchi,WSDMSocial
1816,jgmorenof,WSDMSocial
1817,KSC_Nana,WSDMSocial
1818,nadavgolbandi,WSDMSocial
1819,WangjiaqiuH,WSDMSocial
1820,ACM_SIGWEB,WSDMSocial
1821,gong_cheng,WSDMSocial
1822,Maximilian_Ge,WSDMSocial
1823,n_rassam,WSDMSocial
1824,zhaochun_ren,WSDMSocial
1825,dawnieando,WSDMSocial
1826,speyronnet,WSDMSocial
1827,nadavgolbandi,WSDMSocial
1828,opusdigitalis,WSDMSocial
1829,anhkeen,WSDMSocial
1830,Stephen_Lynch,WSDMSocial
1831,nadavgolbandi,WSDMSocial
1832,opusdigitalis,WSDMSocial
1833,YahooResearch,WSDMSocial
1834,entoutsi,WSDMSocial
1835,ialuronico,WSDMSocial
1836,TakaComa,WSDMSocial
1837,_ConferenceList,WSDMSocial
1838,guidozuc,WSDMSocial
1839,tmasada,WSDMSocial
1840,PolarBearby,WSDMSocial
1841,sdowsi,WSDMSocial
1842,elad1,WSDMSocial
1843,yurilacerda,WSDMSocial
1844,eugeneAgichtein,WSDMSocial
1845,joaopalotti,WSDMSocial
1846,miguelmalvarez,WSDMSocial
1847,nadavgolbandi,WSDMSocial
1848,mecheko78,WSDMSocial
1849,PublicPolicyUoS,WSDMSocial
1850,berty38,WSDMSocial
1851,yisongyue,WSDMSocial
1852,fmnardini,WSDMSocial
1853,bill_slawski,WSDMSocial
1854,NutLims,WSDMSocial
1855,guidozuc,WSDMSocial
1856,tmasada,WSDMSocial
1857,NeuIRwkshp,WSDMSocial
1858,opusdigitalis,WSDMSocial
1859,Maximilian_Ge,WSDMSocial
1860,duguyuan,WSDMSocial
1861,trovdimi,WSDMSocial
1862,itsPikakshi,WSDMSocial
1863,ali_h_vahid,WSDMSocial
1864,sharma_ashish_2,WSDMSocial
1865,dnawasari,WSDMSocial
1866,dawnieando,WSDMSocial
1867,ialuronico,WSDMSocial
1868,miguelmalvarez,WSDMSocial
1869,miguelmalvarez,WSDMSocial
1870,nadavgolbandi,WSDMSocial
1871,ams_ds,WSDMSocial
1872,siva2chinni,Thom_Wolf
1873,yuvaforu84,Thom_Wolf
1874,scixam,Thom_Wolf
1875,kane_tomelf,Thom_Wolf
1876,LeoApolonio,Thom_Wolf
1877,epuujee,Thom_Wolf
1878,SThanombun,Thom_Wolf
1879,python4living,Thom_Wolf
1880,heidilundsgaard,Thom_Wolf
1881,jbagnato,Thom_Wolf
1882,koriavinash001,Thom_Wolf
1883,Tn23008624,Thom_Wolf
1884,sangheon_han,Thom_Wolf
1885,leslyarun,Thom_Wolf
1886,Khaki0102624,Thom_Wolf
1887,1957e2,Thom_Wolf
1888,pierre_guillou,Thom_Wolf
1889,Quanguet,Thom_Wolf
1890,ChengJunWang,Thom_Wolf
1891,r_jesuraj,Thom_Wolf
1892,ivan__bits,Thom_Wolf
1893,KranthiGV,Thom_Wolf
1894,canudomc,Thom_Wolf
1895,dr_levan,Thom_Wolf
1896,therealquantran,Thom_Wolf
1897,Pythonista1,Thom_Wolf
1898,kevinz301,Thom_Wolf
1899,hendyfergus,Thom_Wolf
1900,paulomannjr,Thom_Wolf
1901,MasoudCharkhabi,Thom_Wolf
1902,techbro_partII,Thom_Wolf
1903,npinto,Thom_Wolf
1904,elasticjava,Thom_Wolf
1905,lespacedunmatin,TheWebConf
1906,k_triquet,TheWebConf
1907,dawnieando,TheWebConf
1908,tchambers,TheWebConf
1909,m1nhhanh,TheWebConf
1910,Arghiv,TheWebConf
1911,biblioveri,TheWebConf
1912,atomgraphhq,TheWebConf
1913,M1l0u,TheWebConf
1914,fukutax,TheWebConf
1915,fabien_gandon,TheWebConf
1916,NeriNathalie,TheWebConf
1917,RaphaelPin1,TheWebConf
1918,lessalins,TheWebConf
1919,escalenumerik,TheWebConf
1920,TheodoraPetkova,TheWebConf
1921,micbuffa,TheWebConf
1922,micbuffa,TheWebConf
1923,vrandezo,TheWebConf
1924,strpeters,TheWebConf
1925,Juberliet,TheWebConf
1926,Peerus,TheWebConf
1927,rcccym,TheWebConf
1928,dirkahlers,TheWebConf
1929,CharlesVardeman,TheWebConf
1930,PolarBearby,TheWebConf
1931,CivicUnam,TheWebConf
1932,vagnerdiniz,TheWebConf
1933,ImageSnippets,TheWebConf
1934,BernHyland,TheWebConf
1935,rcccym,TheWebConf
1936,virtualdz,TheWebConf
1937,webaudiomodules,TheWebConf
1938,Salem06,TheWebConf
1939,Arghiv,TheWebConf
1940,locweb,TheWebConf
1941,inria_sophia,TheWebConf
1942,AmelieGyrard,TheWebConf
1943,FdS_Lyon1,TheWebConf
1944,RaphaelPin1,TheWebConf
1945,maureen_stokan,TheWebConf
1946,alexvespi,TheWebConf
1947,antoine_grgs,TheWebConf
1948,maulikkamdar,TheWebConf
1949,Harsh9t,TheWebConf
1950,rollwaveplanner,TheWebConf
1951,acreglier,TheWebConf
1952,Coexiscience,TheWebConf
1953,MariaPovedaV,TheWebConf
1954,giselle_zeno,TheWebConf
1955,HI_in_KSA,TheWebConf
1956,eglu81,TheWebConf
1957,RaphaelPin1,TheWebConf
1958,amil310,TheWebConf
1959,BuildeusesLyon,TheWebConf
1960,jpberthet,TheWebConf
1961,EpitechLyon,TheWebConf
1962,dkowald1,TheWebConf
1963,xLeitix,TheWebConf
1964,AxelPolleres,TheWebConf
1965,janemorgan62,TheWebConf
1966,AldoLipani,TheWebConf
1967,srikanta,TheWebConf
1968,phdahmad,TheWebConf
1969,popaylove,TheWebConf
1970,arturtorvergata,TheWebConf
1971,srikanta,TheWebConf
1972,gdm3000,TheWebConf
1973,NomotoMasako,SIGIRConf
1974,SrishtiPalani,SIGIRConf
1975,pcastells,SIGIRConf
1976,joemonj,SIGIRConf
1977,NomotoMasako,SIGIRConf
1978,pcastells,SIGIRConf
1979,NomotoMasako,SIGIRConf
1980,TommasoDiNoia,SIGIRConf
1981,pcastells,SIGIRConf
1982,abellogin,SIGIRConf
1983,pcastells,SIGIRConf
1984,dinomirMT,SIGIRConf
1985,BantamCityGames,SIGIRConf
1986,joho_hideo,SIGIRConf
1987,pates_richard,SIGIRConf
1988,EsauVT,SIGIRConf
1989,SrishtiPalani,SIGIRConf
1990,abellogin,SIGIRConf
1991,rmit_cidda,SIGIRConf
1992,bo_wangbo,SIGIRConf
1993,Long_Phil_Xia,SIGIRConf
1994,twitoogle,SIGIRConf
1995,djoerd,SIGIRConf
1996,frrncl,SIGIRConf
1997,albondarenko2,SIGIRConf
1998,arelmadany,SIGIRConf
1999,joho_hideo,SIGIRConf
2000,NomotoMasako,SIGIRConf
2001,cpjku,SIGIRConf
2002,sz_dr,SIGIRConf
2003,abellogin,SIGIRConf
2004,pcastells,SIGIRConf
2005,SIGIRConf,SIGIRConf
2006,ACM_CHIIR,SIGIRConf
2007,SIGIRConf,SIGIRConf
2008,CharlotteHase,SIGIRConf
2009,TylersNetwork,SIGIRConf
2010,OMAwoleye,SIGIRConf
2011,SIGIRForum,SIGIRConf
2012,AixinSG,SIGIRConf
2013,djoerd,SIGIRConf
2014,hideo_joho,SIGIRConf
2015,guidozuc,SIGIRConf
2016,SIGIRConf,SIGIRConf
2017,arpieb,SIGIRConf
2018,arjenpdevries,SIGIRConf
2019,flpiroi,SIGIRConf
2020,pcastells,SIGIRConf
2021,shawnmjones,SIGIRConf
2022,AixinSG,SIGIRConf
2023,Long_Phil_Xia,SIGIRConf
2024,shawnmjones,SIGIRConf
2025,mwu2005,SIGIRConf
2026,iFromm,SIGIRConf
2027,zehao_l,SIGIRConf
2028,ntonellotto,SIGIRConf
2029,pcastells,SIGIRConf
2030,vanessa_murdock,SIGIRConf
2031,SIGIRConf,SIGIRConf
2032,pcastells,SIGIRConf
2033,SIGIRConf,SIGIRConf
2034,miguelmalvarez,SIGIRConf
2035,Csisc1994,SIGIRConf
2036,Csisc1994,SIGIRConf
2037,pcastells,SIGIRConf
2038,OlegZendel,SIGIRConf
2039,maojiaxin,SIGIRConf
2040,frrncl,SIGIRConf
2041,krisztianbalog,SIGIRConf
2042,EmilianaMurgia,SIGIRConf
2043,PIReTship,SIGIRConf
2044,pcastells,SIGIRConf
2045,Csisc1994,SIGIRConf
2046,pcastells,SIGIRConf
2047,jgmorenof,SIGIRConf
2048,pcastells,SIGIRConf
2049,davelewisdotir,SIGIRConf
2050,pcastells,SIGIRConf
2051,pcastells,SIGIRConf
2052,pcastells,SIGIRConf
2053,sigir_students,SIGIRConf
2054,pcastells,SIGIRConf
2055,UjLaw,SIGIRConf
2056,ACM_CHIIR,SIGIRConf
2057,Quanteek,RealAAAI
2058,RKamoi,RealAAAI
2059,rosmith11,RealAAAI
2060,antoniolieto,RealAAAI
2061,trendsinAI,RealAAAI
2062,williamstome,RealAAAI
2063,VVagias,RealAAAI
2064,AIHealthMIT,RealAAAI
2065,BantamCityGames,RealAAAI
2066,MonaSmitte,RealAAAI
2067,erinleetweets,RealAAAI
2068,dmonett,RealAAAI
2069,supriya_gdptl,RealAAAI
2070,adncpd,RealAAAI
2071,Zack_Elbazi,RealAAAI
2072,craigss,RealAAAI
2073,PanFrater,RealAAAI
2074,PooyanFazli,RealAAAI
2075,j_h_kim,RealAAAI
2076,MikeNelson,RealAAAI
2077,mhenduccen,RealAAAI
2078,yolandagil,RealAAAI
2079,RichGranger,RealAAAI
2080,jcchinhui,RealAAAI
2081,hubofml,RealAAAI
2082,GrandpaRobot,RealAAAI
2083,Montreal_IA,RealAAAI
2084,ibrahimabdelazz,RealAAAI
2085,swarnasras,RealAAAI
2086,acmeducation,RealAAAI
2087,acm_sigai,RealAAAI
2088,godfrey_G_,RealAAAI
2089,DiverseInAI,RealAAAI
2090,Newcolour78,RealAAAI
2091,sha2br,RealAAAI
2092,joeboutte,RealAAAI
2093,SalimehYs,RealAAAI
2094,mhenduccen,RealAAAI
2095,LCiampiconi,RealAAAI
2096,banazir,RealAAAI
2097,RigResearch,RealAAAI
2098,yossioren,RealAAAI
2099,kobi_gal,RealAAAI
2100,AlisonBLowndes,RealAAAI
2101,VaibhavUnhelkar,RealAAAI
2102,Yujie_Qian,RealAAAI
2103,MorganClaypool,RealAAAI
2104,calvin_zcx,RealAAAI
2105,NilayShri,RealAAAI
2106,filipesaraiva,RealAAAI
2107,batate,RealAAAI
2108,FinkeHarkonen,RealAAAI
2109,DeakinA2I2,RealAAAI
2110,TheDJZiegler,RealAAAI
2111,MilindTambe_AI,RealAAAI
2112,profe_hanna,RealAAAI
2113,alexiatoumpa,RealAAAI
2114,shigerufujita,RealAAAI
2115,fukutax,RealAAAI
2116,patdiaz,RealAAAI
2117,BrettIsraelsen,RealAAAI
2118,EarthCube,RealAAAI
2119,laroyo,RealAAAI
2120,dmonett,RealAAAI
2121,AGISI_ORG,RealAAAI
2122,RamonVillasante,RealAAAI
2123,UlrichJunker,RealAAAI
2124,RubenEVillegas,ICCV_2021
2125,gelly_patrick,ICCV_2021
2126,ElisaRi34560608,ICCV_2021
2127,VincentJingLi,ICCV_2021
2128,VisualAILab,ICCV_2021
2129,ghhosh,ICCV_2021
2130,kul_stephen,ICCV_2021
2131,heghbalz,ICCV_2021
2132,HilmiAditya_,ICCV_2021
2133,job_santana,ICCV_2021
2134,SanghyukChun,ICCV_2021
2135,akshitac8,ICCV_2021
2136,alidabouei,ICCV_2021
2137,iN1k1,ICCV_2021
2138,HilmiAditya_,ICCV_2021
2139,THassner,ICCV_2021
2140,ChristosKyrkou,ICCV_2021
2141,KhosravanNaji,ICCV_2021
2142,DeepLearningCor,ICCV_2021
2143,juliantogray,ICCV_2021
2144,dasayan05,ICCV_2021
2145,CVPRConf,ICCV_2021
2146,Courtney_FRL,ICCV_2021
2147,CVPRConf,ICCV_2021
2148,YBoodman,ICCV_2021
2149,ArtDeza,ICCV_2021
2150,THassner,ICCV_2021
2151,jflalondeqc,ICCV_2021
2152,AlbertBoyangLi,ICCV_2021
2153,SAhmad_PK,ICCV_2021
2154,cgmsnoek,ICCV_2021
2155,ABsikdar,ICCV_2021
2156,momiji_fullmoon,ICCV_2021
2157,CSProfKGD,ICCV_2021
2158,alidamo_han,ICCV_2021
2159,jan_gemert,ICCV_2021
2160,adn_twitts,ICCV_2021
2161,cgmsnoek,ICCV_2021
2162,akshitac8,ICCV_2021
2163,digitalhealthxx,ICCV_2021
2164,cgmsnoek,ICCV_2021
2165,cgmsnoek,ICCV_2021
2166,cgmsnoek,ICCV_2021
2167,cgmsnoek,ICCV_2021
2168,cgmsnoek,ICCV_2021
2169,dantkz,ICCV_2021
2170,cgmsnoek,ICCV_2021
2171,THassner,ICCV_2021
2172,dimadamen,ICCV_2021
2173,QrowdProject,ECMLPKDD
2174,SarahKrebs,ECMLPKDD
2175,JRussellPhD,ECMLPKDD
2176,vibbioinfocore,ECMLPKDD
2177,deathdater,ECMLPKDD
2178,jlijffijt,ECMLPKDD
2179,Fatemehsrz4,ECMLPKDD
2180,karl_tuyls,ECMLPKDD
2181,ML_Tweet_Bot,ECMLPKDD
2182,RalfKlinkenberg,ECMLPKDD
2183,KatharinaJutta,ECMLPKDD
2184,roysoumya1,ECMLPKDD
2185,hubofml,ECMLPKDD
2186,IDABrunel,ECMLPKDD
2187,Korwisi,ECMLPKDD
2188,tetraduzione,ECMLPKDD
2189,jcchinhui,ECMLPKDD
2190,IPDLN,ECMLPKDD
2191,esha_shandilya,ECMLPKDD
2192,francesca2212,ECMLPKDD
2193,HomayunAfra,ECMLPKDD
2194,orilong,ECMLPKDD
2195,RalfKlinkenberg,ECMLPKDD
2196,chrshmmmr,ECMLPKDD
2197,TheShahrozTariq,ECMLPKDD
2198,LawInfluencer,ECMLPKDD
2199,KatharinaJutta,ECMLPKDD
2200,Pseudomanifold,ECMLPKDD
2201,GiulioRossetti,ECMLPKDD
2202,nicola_barbieri,ECMLPKDD
2203,DAMI_Social,ECMLPKDD
2204,MLJ_Social,ECMLPKDD
2205,_KINRW,ECMLPKDD
2206,RalfKlinkenberg,ECMLPKDD
2207,dakottke,ECMLPKDD
2208,IDABrunel,ECMLPKDD
2209,ML_Tweet_Bot,ECMLPKDD
2210,hubofml,ECMLPKDD
2211,KatharinaJutta,ECMLPKDD
2212,arthur3131,ECMLPKDD
2213,EdwardACurry,ECMLPKDD
2214,Lmalongo2,ECMLPKDD
2215,saby_tweets,ECMLPKDD
2216,TijlDeBie,ECMLPKDD
2217,Lmalongo2,ECMLPKDD
2218,KatharinaJutta,ECMLPKDD
2219,HIIT,ECMLPKDD
2220,rozboris,ECMLPKDD
2221,hubofml,ECMLPKDD
2222,ML_Tweet_Bot,ECMLPKDD
2223,kerstingAIML,ECMLPKDD
2224,KatharinaJutta,ECMLPKDD
2225,prathyushspeaks,ECMLPKDD
2226,martin_trapp,ECMLPKDD
2227,M_Ghass,ECMLPKDD
2228,HamidZafart,ECMLPKDD
2229,EdwardACurry,ECMLPKDD
2230,TrustDeepLearn,ECMLPKDD
2231,KatharinaJutta,ECMLPKDD
2232,twomeynj,ECMLPKDD
2233,nicola_barbieri,ECMLPKDD
2234,mkletri,ECMLPKDD
2235,PanPapapetrou,ECMLPKDD
2236,SouravDutta91,ECMLPKDD
2237,QrowdProject,ECMLPKDD
2238,liconoc,ECMLPKDD
2239,heerme,ECMLPKDD
2240,KatharinaJutta,ECMLPKDD
2241,francesca2212,ECMLPKDD
2242,TabmoLabs,ECMLPKDD
2243,heghbalz,ECMLPKDD
2244,rupensa,ECMLPKDD
2245,SouravDutta91,ECMLPKDD
2246,evitamonal,ECMLPKDD
2247,KatharinaJutta,ECMLPKDD
2248,vedax,ECMLPKDD
2249,ch4rlus,ECMLPKDD
2250,abhee_agrawal,ECMLPKDD
2251,heerme,ECMLPKDD
2252,kerstingAIML,ECMLPKDD
2253,IDABrunel,ECMLPKDD
2254,RalfKlinkenberg,ECMLPKDD
2255,WSSC_UPF,ECMLPKDD
2256,KatharinaJutta,ECMLPKDD
2257,hubofml,ECMLPKDD
2258,KatharinaJutta,ECMLPKDD
2259,IDABrunel,ECMLPKDD
2260,arthur3131,ECMLPKDD
2261,heerme,ECMLPKDD
2262,abifet,ECMLPKDD
2263,ntzio,ECMLPKDD
2264,KatharinaJutta,ECMLPKDD
2265,arthur3131,ECMLPKDD
2266,Averbis,ECMLPKDD
2267,ntzio,ECMLPKDD
2268,CecileCapponi,ECMLPKDD
2269,evitamonal,ECMLPKDD
2270,dahlemd,ECMLPKDD
2271,Ellen_Rushe,ECMLPKDD
2272,fpinell80,ECMLPKDD
2273,vojnovski,ECMLPKDD
2274,jhollmen,ECMLPKDD
2275,Yquetzal,ECMLPKDD
2276,GiulioRossetti,ECMLPKDD
2277,theujjwal9,CVPR
2278,AishaUroojKhan,CVPR
2279,dahyunscientist,CVPR
2280,_prasunroy,CVPR
2281,iamkitlobe,CVPR
2282,DiverseInAI,CVPR
2283,burhr2,CVPR
2284,D4ive,CVPR
2285,charlescadieu,CVPR
2286,xinti900,CVPR
2287,RahelJhirad,CVPR
2288,lyc84181,CVPR
2289,thanhmvu,CVPR
2290,ghhosh,CVPR
2291,Shidilrzf,CVPR
2292,c_richardt,CVPR
2293,GRAMUAH,CVPR
2294,dlarlus,CVPR
2295,DrJimFan,CVPR
2296,DatHuynh13,CVPR
2297,ICCV_2021,CVPR
2298,EldarSilver,CVPR
2299,mamii0718,CVPR
2300,markcheung,CVPR
2301,sidrahliaqat,CVPR
2302,dgueraco,CVPR
2303,GGedus,CVPR
2304,azadef,CVPR
2305,KWVIS,CVPR
2306,gocomvis,CVPR
2307,csgreenwell,CVPR
2308,SaleTawfiq,CVPR
2309,zeffybamrah,CVPR
2310,dave_co_dev,CVPR
2311,PengDai_ca,CVPR
2312,deeptigp,CVPR
2313,TedPavlic,CVPR
2314,Yezhou_Yang,CVPR
2315,Attah_Kay_,CVPR
2316,ChennuriPrateek,CVPR
2317,shalinda99,CVPR
2318,subham_st,CVPR
2319,miguel_algaba,CVPR
2320,lambertoballan,CVPR
2321,realfabs,CVPR
2322,Vezhnick,CVPR
2323,drscotthawley,CVPR
2324,hugo_larochelle,CVPR
2325,subhobrata1,CVPR
2326,MajiSubhransu,CVPR
2327,ja_schnabel,CVPR
2328,samarth_robo,CVPR
2329,burhr2,CVPR
2330,louiqaraschid,CIKM2021
2331,think24menot,CIKM2021
2332,airamoigroig,CIKM2021
2333,preslav_nakov,CIKM2021
2334,eglu81,CIKM2021
2335,frrncl,CIKM2021
2336,r_maya,CIKM2021
2337,think24menot,CIKM2021
2338,guidozuc,CIKM2021
2339,r_maya,CIKM2021
2340,guidozuc,CIKM2021
2341,ahsmourad,CIKM2021
2342,guidozuc,CIKM2021
2343,guidozuc,CIKM2021
2344,guidozuc,CIKM2021
2345,mihailupunet,ACMSIGIR
2346,vanessa_murdock,ACMSIGIR
2347,eva_zangerle,ACMSIGIR
2348,JeroenTalks,ACMSIGIR
2349,pcastells,ACMSIGIR
2350,dinomirMT,ACMSIGIR
2351,abellogin,ACMSIGIR
2352,fhasibi,ACMSIGIR
2353,_ConferenceList,ACMSIGIR
2354,BrazierPhD,ACMSIGIR
2355,mart1nkle1n,ACMSIGIR
2356,laroyo,ACMSIGIR
2357,abellogin,ACMSIGIR
2358,mounialalmas,ACMSIGIR
2359,AlbertsChatter,ACMSIGIR
2360,abellogin,ACMSIGIR
2361,jkamps,ACMSIGIR
2362,guidozuc,ACMSIGIR
2363,NutLims,ACMSIGIR
2364,varphi,ACMSIGIR
2365,maliannejadi,ACMSIGIR
2366,HamedZamani,ACMSIGIR
2367,iFromm,ACMSIGIR
2368,BenCarterette,ACMSIGIR
2369,cpdiku,ACMSIGIR
2370,leifos,ACMSIGIR
2371,mdekstrand,ACMSIGIR
2372,SIGIRForum,ACMSIGIR
2373,TirthankarSlg,ACMSIGIR
2374,ai_nlp_ml_iitp,ACMSIGIR
2375,sankepallyr,ACMSIGIR
2376,HamedZamani,ACMSIGIR
2377,cyby,ACMSIGIR
2378,tetsuyasakai,ACMSIGIR
2379,frrncl,ACMSIGIR
2380,WomenInIR,ACMSIGIR
2381,m__dehghani,ACMSIGIR
2382,Ismail_badache,ACMSIGIR
2383,TerrierTeam,ACMSIGIR
2384,mounialalmas,ACMSIGIR
2385,abellogin,ACMSIGIR
2386,mounialalmas,ACMSIGIR
2387,guidozuc,ACMSIGIR
2388,ali_h_vahid,ACMSIGIR
2389,cpdiku,ACMSIGIR
2390,mounialalmas,ACMSIGIR
2391,abellogin,ACMSIGIR
2392,guidozuc,ACMSIGIR
2393,abellogin,ACMSIGIR
2394,mounialalmas,ACMSIGIR
2395,leifos,ACMSIGIR
2396,metzlerd,ACMSIGIR
2397,abellogin,ACMSIGIR
2398,guidozuc,ACMSIGIR
2399,ali_h_vahid,ACMSIGIR
2400,bevan_koopman,ACMSIGIR
2401,arpieb,ACMSIGIR
2402,guidozuc,ACMSIGIR
2403,HamedZamani,ACMSIGIR
2404,HamedZamani,ACMSIGIR
2405,guidozuc,ACMSIGIR
2406,guidozuc,ACMSIGIR
2407,guidozuc,ACMSIGIR
2408,ACM_SIGWEB,ACMRecSys
2409,timgollins,ACMRecSys
2410,pelayoarbues,ACMRecSys
2411,saifnoorprottoy,ACMRecSys
2412,agvsmontero,ACMRecSys
2413,almightyData,ACMRecSys
2414,AiInput,ACMRecSys
2415,kimfalk,ACMRecSys
2416,DiverseInAI,ACMRecSys
2417,saurabhd04,ACMRecSys
2418,eva_zangerle,ACMRecSys
2419,navatintarev,ACMRecSys
2420,kstate_bigdata,ACMRecSys
2421,chrshmmmr,ACMRecSys
2422,jfgras,ACMRecSys
2423,PolarBearby,ACMRecSys
2424,zr_4,ACMRecSys
2425,srahmanidashti,ACMRecSys
2426,alexk_z,ACMRecSys
2427,XZPwEDVhHH37i3C,ACMRecSys
2428,AmanoGinjiGo,ACMRecSys
2429,Lynyus,ACMRecSys
2430,mdekstrand,ACMRecSys
2431,RoelandOrdelman,ACMRecSys
2432,eprosenthal,ACMRecSys
2433,karlhigley,ACMRecSys
2434,djkram,ACMRecSys
2435,abellogin,ACMRecSys
2436,abellogin,ACMRecSys
2437,fjfbupt,ACMRecSys
2438,elisab79,ACMRecSys
2439,taoyeah,ACMRecSys
2440,scinoise,ACMRecSys
2441,StudentGu,ACMRecSys
2442,Agelesschronicl,ACMRecSys
2443,peterpaws,ACMRecSys
2444,julia_kiseleva,ACMRecSys
2445,usabart,ACMRecSys
2446,minceamie,ACMRecSys
2447,shobeirf,ACMRecSys
2448,sandrewge,ACMRecSys
2449,jkonstan,ACMRecSys
2450,RecSysIndia,ACMRecSys
2451,orsum_ws,ACMRecSys
2452,cseminar2011,ACMRecSys
2453,LinasTw,ACMRecSys
2454,crmpla67,ACMRecSys
2455,srahmanidashti,ACMRecSys
2456,cweichen,ACMRecSys
2457,McWillemsen,ACMRecSys
2458,maponaso,ACMRecSys
2459,FTHopf,ACMRecSys
2460,diegogaleano05,ACMRecSys
2461,Agelesschronicl,ACMRecSys
2462,noiano,ACMRecSys
2463,ak07,ACMRecSys
2464,jvrmaia,ACMRecSys
2465,victorcodina,ACMRecSys
2466,Bemougoula2,ACMRecSys
2467,EdikMazhukin,ACMRecSys
2468,icantador,ACMRecSys
2469,McWillemsen,ACMRecSys
2470,robipalo,ACMRecSys
2471,eliethesaiyan,ACMRecSys
2472,BkIT_Hieu,ACMRecSys
2473,trustswz,ACMRecSys
2474,filipebraida,ACMRecSys
2475,cataldomusto,ACMRecSys
2476,iFromm,ACMRecSys
2477,private_rex,ACMRecSys
2478,EdwardRaffML,ACMRecSys
2479,abellogin,ACMRecSys
2480,ayirpelle,ACMRecSys
2481,abellogin,ACMRecSys
2482,EmifatiZebua1,ACMRecSys
2483,ercan_ezin,ACMRecSys
2484,DrqYuto,ACMRecSys
2485,dkowald1,ACMRecSys
2486,neal_lathia,ACMRecSys
2487,SoudeFazeli,ACMRecSys
2488,taoyeah,ACMRecSys
2489,dawnieando,ACMRecSys
2490,blueviggen,ACMRecSys
2491,pranav_kundra,ACMRecSys
2492,SGdatasc,ACMRecSys
2493,McWillemsen,ACMRecSys
2494,RecSys_c,ACMRecSys
2495,pcastells,ACMRecSys
2496,lbalby,ACMRecSys
2497,PhDiSchoolSU,ACMRecSys
2498,SF_BayArea_ACM,ACMRecSys
2499,jurafsky,ethayarajh
2500,jurafsky,ethayarajh
2501,jurafsky,ethayarajh
2502,kdd_news,lingfei_wu
2503,kdd_news,lingfei_wu
2504,kdd_news,lingfei_wu
2505,ECMLPKDD,jaom7
2506,ECMLPKDD,jaom7
2507,ECMLPKDD,jaom7
2508,SIGIRConf,SIGIRForum
2509,TheWebConf,locwe
2510,TheWebConf,locwe
2511,TheWebConf,locwe
2512,BerkeleyISchool,BerkeleyISchool
2513,emma_lurie,BerkeleyISchool
2514,ACM_CHIIR,iFromm
2515,ACM_CHIIR,iFromm
2516,lxymichael,iFromm
2517,WomenInIR,WomenInIR
2518,BerkeleyISchool,annejonas
2519,emma_lurie,annejonas
2520,amrapaliz,cgmsnoek
2521,wellingmax,cgmsnoek
2522,dmimno,clured
2523,sgourley,clured
2524,841io,SIGIRConf
2525,ACMSIGIR,SIGIRConf
2526,ACMSIGIR,SIGIRConf
2527,ACMSIGIR,SIGIRConf
2528,CharlotteHase,SIGIRConf
2529,DrCh0le,SIGIRConf
2530,guidozuc,SIGIRConf
2531,HamedZamani,SIGIRConf
2532,HarrieOos,SIGIRConf
2533,IR_oldie,SIGIRConf
2534,krisztianbalog,SIGIRConf
2535,SIGIRForum,SIGIRConf
2536,yashardel,SIGIRConf
2537,ACMSIGIR,SIGIRForum
2538,ACMSIGIR,SIGIRForum
2539,ACMSIGIR,SIGIRForum
2540,ACM_CHIIR,SIGIRForum
2541,SIGIRForum,SIGIRForum
2542,AlexTensor,CSProfKGD
2543,CVPR,CSProfKGD
2544,dimadamen,CSProfKGD
2545,jaom7,CSProfKGD
2546,vbalnt,CSProfKGD
2547,wjscheirer,CSProfKGD
2548,lxymichael,jkamps
2549,olivierjeunen,mdekstrand
2550,lxymichael,julia_kiseleva
2551,mdr,julia_kiseleva
2552,RuSSIR,julia_kiseleva
2553,RuSSIR,julia_kiseleva
2554,RuSSIR,julia_kiseleva
2555,ACMSIGIR,BenCarterette
2556,ACMSIGIR,BenCarterette
2557,ACMSIGIR,BenCarterette
2558,AldoLipani,BenCarterette
2559,damiano10,BenCarterette
2560,fhasibi,BenCarterette
2561,HamedZamani,BenCarterette
2562,HamedZamani,BenCarterette
2563,UnderdogGeek,BenCarterette
2564,UnderdogGeek,BenCarterette
2565,JustinBasilico,LinasTw
2566,CarstenEickhoff,CharlotteHase
2567,fhasibi,CharlotteHase
2568,nattiyak,CharlotteHase
2569,WebScience16,CharlotteHase
2570,WomenInIR,CharlotteHase
2571,abigail_e_see,stanfordnlp
2572,abigail_e_see,stanfordnlp
2573,lena_voita,stanfordnlp
2574,ukhndlwl,stanfordnlp
2575,ukhndlwl,stanfordnlp
2576,laroyo,ImageSnippets
2577,josh_tobin_,karlhigley
2578,olivierjeunen,AixinSG
2579,CarstenEickhoff,shawnmjones
2580,phonedude_mln,shawnmjones
2581,FraunhoferIAIS,_KINRW
2582,FraunhoferIAIS,_KINRW
2583,FraunhoferIAIS,_KINRW
2584,timalthoff,sharma_ashish_2
2585,FrancescoBonchi,elad1
2586,mdr,elad1
2587,WSDMSocial,elad1
2588,WSDMSocial,elad1
2589,WSDMSocial,elad1
2590,WSDMSocial,elad1
2591,wimmics,fabien_gandon
2592,wimmics,fabien_gandon
2593,DeepIndaba,ICCV_2021
2594,dimadamen,ICCV_2021
2595,dimadamen,ICCV_2021
2596,dimadamen,ICCV_2021
2597,dimadamen,ICCV_2021
2598,jflalondeqc,ICCV_2021
2599,jflalondeqc,ICCV_2021
2600,kwangmoo_yi,ICCV_2021
2601,wjscheirer,ICCV_2021
2602,wjscheirer,ICCV_2021
2603,heerme,heerme
2604,Piyush_IIITD,heerme
2605,akbc_conf,RahelJhirad
2606,akbc_conf,RahelJhirad
2607,LSHVU,RahelJhirad
2608,robysinatra,ciro
2609,RSIPvision,ja_schnabel
2610,dasmiq,_shengche
2611,Piyush_IIITD,EdwardACurry
2612,WomenInIR,sankepallyr
2613,recsyschallenge,eliethesaiyan
2614,YahooResearch,YahooResearch
2615,Isabella83,kwelle
2616,sotonWSI,kwelle
2617,WebScience16,kwelle
2618,CSProfKGD,dimadamen
2619,jflalondeqc,dimadamen
2620,jponttuset,dimadamen
2621,SIGIRForum,sigir_students
2622,Isabella83,stefhaustein
2623,Isabella83,stefhaustein
2624,miguelmalvarez,arkaitz
2625,Walid_Magdy,arkaitz
2626,SpotifyResearch,mounialalmas
2627,SpotifyResearch,mounialalmas
2628,SpotifyResearch,mounialalmas
2629,TheWebConf,mounialalmas
2630,WSDMSocial,mounialalmas
2631,alansaid,navatintarev
2632,HannaJSchaefer,navatintarev
2633,ACM_CHIIR,leifos
2634,damiano10,leifos
2635,JTrippas,leifos
2636,IDEA_KDD,jlijffijt
2637,IDEA_KDD,jlijffijt
2638,IDEA_KDD,jlijffijt
2639,WSDMConvERSe,albondarenko2
2640,ctrattner,McWillemsen
2641,HannaJSchaefer,McWillemsen
2642,AldoLipani,krisztianbalog
2643,CharlotteHase,krisztianbalog
2644,fhasibi,krisztianbalog
2645,fhasibi,krisztianbalog
2646,fhasibi,krisztianbalog
2647,leifos,krisztianbalog
2648,vinaysetty,krisztianbalog
2649,vinaysetty,krisztianbalog
2650,vinaysetty,krisztianbalog
2651,vinaysetty,krisztianbalog
2652,vinaysetty,krisztianbalog
2653,Data4BlackLives,DiverseInAI
2654,GianniBarlacchi,DH_FBK
2655,iadh,TerrierTeam
2656,rodrygo_santos,TerrierTeam
2657,damiano10,rmit_cidda
2658,shobeirf,shobeirf
2659,PMinervini,leogrina
2660,OSoMe_IU,emilio__ferrara
2661,pgroth,yolandagil
2662,ACMSIGIR,ACM_CHIIR
2663,ACMSIGIR,ACM_CHIIR
2664,ACMSIGIR,ACM_CHIIR
2665,ACMSIGIR,ACM_CHIIR
2666,ACMSIGIR,ACM_CHIIR
2667,chirag_shah,ACM_CHIIR
2668,chirag_shah,ACM_CHIIR
2669,SIGIRForum,ACM_CHIIR
2670,SIGIRForum,ACM_CHIIR
2671,SIGIRForum,ACM_CHIIR
2672,SIGIRForum,ACM_CHIIR
2673,SIGIRForum,ACM_CHIIR
2674,SIGIRForum,ACM_CHIIR
2675,SIGIRForum,ACM_CHIIR
2676,SIGIRForum,ACM_CHIIR
2677,SIGIRForum,ACM_CHIIR
2678,SIGIRForum,ACM_CHIIR
2679,SIGIRForum,ACM_CHIIR
2680,SIGIRForum,ACM_CHIIR
2681,k_leyton_brown,kerstingAIML
2682,ChaToX,PolarBearby
2683,ctrattner,PolarBearby
2684,ctrattner,PolarBearby
2685,ctrattner,PolarBearby
2686,PolarBearby,PolarBearby
2687,PolarBearby,PolarBearby
2688,MonaJalal_,dgueraco
2689,2021Ecir,OlegZendel
2690,SIGIRForum,TirthankarSlg
2691,cervisiarius,gvrkiran
2692,PMinervini,tetraduzione
2693,BenCarterette,cweichen
2694,SpotifyResearch,cweichen
2695,SpotifyResearch,cweichen
2696,SpotifyResearch,cweichen
2697,abdallah197_,siddharthb_
2698,kdd_news,siddharthb_
2699,lajello,siddharthb_
2700,pinyuchenTW,siddharthb_
2701,HumLworkshop,laroyo
2702,HumLworkshop,laroyo
2703,ctrattner,cataldomusto
2704,DameWendyDBE,PublicPolicyUoS
2705,sotonWSI,PublicPolicyUoS
2706,sotonWSI,PublicPolicyUoS
2707,krisztianbalog,fhasibi
2708,abifet,evitamonal
2709,crefeda,evitamonal
2710,crefeda,evitamonal
2711,krisztianbalog,zhaochun_ren
2712,lxymichael,zhaochun_ren
2713,lxymichael,zhaochun_ren
2714,mdr,zhaochun_ren
2715,2021Ecir,djoerd
2716,fhasibi,djoerd
2717,martinpotthast,djoerd
2718,nattiyak,djoerd
2719,OfficialACMW,acmeducation
2720,sgould_au,acmeducation
2721,jacobeisenstein,jacobeisenstein
2722,abifet,DAMI_Social
2723,entoutsi,DAMI_Social
2724,RSIPvision,AuntMinnie
2725,ictir2020,frrncl
2726,lxymichael,frrncl
2727,SIGIR17,frrncl
2728,n0mad_0,LanguageMIT
2729,acm_ictir,tetsuyasakai
2730,guidozuc,tetsuyasakai
2731,JTrippas,guidozuc
2732,wikiworkshop,Csisc1994
2733,wikiworkshop,Csisc1994
2734,ACMBooks,MorganClaypool
2735,CarstenEickhoff,arjenpdevries
2736,ictir2020,arjenpdevries
2737,leifos,arjenpdevries
2738,guidozuc,HamedZamani
2739,guidozuc,HamedZamani
2740,HamedZamani,HamedZamani
2741,recsyschallenge,HamedZamani
2742,UnderdogGeek,HamedZamani
2743,yashardel,HamedZamani
2744,yashardel,HamedZamani
2745,k_leyton_brown,MilindTambe_AI
2746,mxqdr,sandrewge
2747,SIGIRConf,SIGIRForum
2748,TheWebConf,locwe
2749,TheWebConf,locwe
2750,TheWebConf,locwe
2751,job_santana,NASA
2752,job_santana,NASA
2753,icantador,domonkostikk
2754,mhenduccen,ValaAfshar
2755,sdowsi,ValaAfshar
2756,sotonWSI,ValaAfshar
2757,BerkeleyISchool,BerkeleyISchool
2758,cat_c_,BerkeleyISchool
2759,jon_gillick,emma_lurie
2760,RKamoi,DeepLearningAI_
2761,snrspeaks,DeepLearningAI_
2762,cmndln,jeremyphoward
2763,MoustaphaSheikh,jeremyphoward
2764,Nickola90255904,jeremyphoward
2765,pete81505607,jeremyphoward
2766,therealquantran,jeremyphoward
2767,therealquantran,jeremyphoward
2768,VincentJingLi,jeremyphoward
2769,cyby,martinpotthast
2770,elisab79,martinpotthast
2771,fhasibi,martinpotthast
2772,hatimnagarwala,Azure
2773,jaegerjackie,kdd_news
2774,jaegerjackie,kdd_news
2775,jaegerjackie,kdd_news
2776,ameliovr,DeepMind
2777,azadef,DeepMind
2778,coffeycode,DeepMind
2779,dahlemd,DeepMind
2780,duguyuan,DeepMind
2781,Vezhnick,DeepMind
2782,Vezhnick,DeepMind
2783,SalehCU,JonErlichman
2784,SRoyLee,JonErlichman
2785,liuhuan,rao2z
2786,UlrichJunker,rao2z
2787,atomgraphhq,AmazonScience
2788,eugeneAgichtein,AmazonScience
2789,nadavgolbandi,AmazonScience
2790,srahmanidashti,AmazonScience
2791,RishiBommasani,StanfordAILa
2792,anazir,mmitchell_ai
2793,SoudeFazeli,mmitchell_ai
2794,giulionapo,SDA_Research
2795,giulionapo,SDA_Research
2796,QrowdProject,SDA_Research
2797,abellogin,SIGIRConf
2798,CharlotteHase,SIGIRConf
2799,EmilianaMurgia,SIGIRConf
2800,flpiroi,SIGIRConf
2801,krisztianbalog,SIGIRConf
2802,maojiaxin,SIGIRConf
2803,maojiaxin,SIGIRConf
2804,mwu2005,SIGIRConf
2805,pcastells,SIGIRConf
2806,pcastells,SIGIRConf
2807,PIReTship,SIGIRConf
2808,TommasoDiNoia,SIGIRConf
2809,UjLaw,SIGIRConf
2810,zhaochun_ren,SIGIRConf
2811,zhaochun_ren,SIGIRConf
2812,zhaochun_ren,SIGIRConf
2813,zhaochun_ren,SIGIRConf
2814,zhaochun_ren,SIGIRConf
2815,pates_richard,phonedude_mln
2816,pates_richard,phonedude_mln
2817,alexk_z,jackclarkSF
2818,chiefaiofficers,jackclarkSF
2819,arth573,chipro
2820,WalidShalaby9,chipro
2821,abellogin,alansaid
2822,RecSysIndia,alansaid
2823,RecSys_c,alansaid
2824,rohit_rathore2,satyanadella
2825,vojnovski,satyanadella
2826,edureisMD,ylecun
2827,KhosravanNaji,ylecun
2828,Quanteek,ylecun
2829,rodrikk,ylecun
2830,vinay83372799,ylecun
2831,ZhuorenJiang,ylecun
2832,ACM_CHIIR,SIGIRForum
2833,CVPRConf,CSProfKGD
2834,thanhmvu,CSProfKGD
2835,D4ive,RMac18
2836,EdwardACurry,Piyush_IIITD
2837,Arsalanvossough,huggingface
2838,daisy_qx_deng,huggingface
2839,dave_co_dev,huggingface
2840,imtejas13,huggingface
2841,kane_tomelf,huggingface
2842,PIReTship,mdekstrand
2843,srahmanidashti,mdekstrand
2844,sankepallyr,ACMSIGIR
2845,djoerd,BenCarterette
2846,djoerd,BenCarterette
2847,fhasibi,BenCarterette
2848,frrncl,BenCarterette
2849,frrncl,BenCarterette
2850,frrncl,BenCarterette
2851,m__dehghani,BenCarterette
2852,m__dehghani,BenCarterette
2853,TSchnoebelen,mixedlinguist
2854,srahmanidashti,CharlotteHase
2855,kane_tomelf,stanfordnlp
2856,MsPeregrine_,stanfordnlp
2857,RishiBommasani,stanfordnlp
2858,Wenpeng_Yin,stanfordnlp
2859,elad1,tunguz
2860,Nickola90255904,tunguz
2861,Pablogomez3,tunguz
2862,TunguzReview,tunguz
2863,LinasTw,NetflixResearch
2864,patternproject,allison_horst
2865,airamoigroig,paperswithcode
2866,ali_h_vahid,paperswithcode
2867,leslyarun,paperswithcode
2868,PengDai_ca,paperswithcode
2869,WalidShalaby9,paperswithcode
2870,WalidShalaby9,paperswithcode
2871,WalidShalaby9,paperswithcode
2872,ntzio,tdietterich
2873,mart1nkle1n,shawnmjones
2874,yasmina_anwar,shawnmjones
2875,yasmina_anwar,shawnmjones
2876,ali_h_vahid,JeffDean
2877,UjLaw,IR_oldie
2878,ZhuorenJiang,IR_oldie
2879,ACM_CHIIR,JTrippas
2880,DabhiLevin,shivon
2881,m1nhhanh,fabien_gandon
2882,UlrichJunker,TobyWalsh
2883,vedax,heerme
2884,j_h_kim,spacy_io
2885,yuvaforu84,spacy_io
2886,siddharthb_,foucaultwelles
2887,altrealist,elonmusk
2888,arunkumar_bvr,elonmusk
2889,npinto,elonmusk
2890,oahmady,elonmusk
2891,Rasula14,elonmusk
2892,realfabs,elonmusk
2893,scheeloong,elonmusk
2894,seyiojediran,elonmusk
2895,siliconvalleyAI,elonmusk
2896,theujjwal9,rsalakhu
2897,ZhuorenJiang,ACMDL
2898,CivicUnam,math_rachel
2899,CivicUnam,math_rachel
2900,SedighKhademi,math_rachel
2901,SedighKhademi,math_rachel
2902,trigk,math_rachel
2903,resetar_jozef,jon_barron
2904,EdikMazhukin,Twitter
2905,THassner,cristiancanton
2906,D4ive,TensorFlow
2907,KingEdwin7,TensorFlow
2908,MasoudCharkhabi,TensorFlow
2909,r_jesuraj,TensorFlow
2910,arelmadany,GuggerSylvain
2911,cmndln,GuggerSylvain
2912,doxdankk,GuggerSylvain
2913,pierre_guillou,GuggerSylvain
2914,pierre_guillou,GuggerSylvain
2915,Samujjwal_Sam,GuggerSylvain
2916,_bam098,GuggerSylvain
2917,YahooResearch,YahooResearch
2918,cpdiku,iadh
2919,duguyuan,iadh
2920,NutLims,iadh
2921,NutLims,iadh
2922,pcastells,iadh
2923,TerrierTeam,iadh
2924,arunkumar_bvr,techreview
2925,GouriGinde,kdnuggets
2926,Janu_Sundarj,kdnuggets
2927,klewer8,kdnuggets
2928,adssidhu86,yoavgo
2929,DrPhilSmith1,yoavgo
2930,MohitIyyer,yoavgo
2931,msurd,yoavgo
2932,sdhdezp,yoavgo
2933,THassner,dimadamen
2934,9ncM9v2R,the_antlr_guy
2935,leslyarun,the_antlr_guy
2936,KhosravanNaji,eadeli
2937,dr_levan,PyTorch
2938,martin_trapp,_rockt
2939,nadavgolbandi,mounialalmas
2940,nadavgolbandi,mounialalmas
2941,djoerd,HarrieOos
2942,dr_levan,ducha_aiki
2943,lyc84181,ducha_aiki
2944,Umbrella_Sierra,ducha_aiki
2945,ChennuriPrateek,MattNiessner
2946,thanhmvu,MattNiessner
2947,djoerd,ian_soboroff
2948,pcastells,ian_soboroff
2949,Arsalanvossough,abhi1thakur
2950,arth573,abhi1thakur
2951,faysalhamid707,abhi1thakur
2952,hastur_kato,abhi1thakur
2953,heerme,abhi1thakur
2954,mash_umapathy,abhi1thakur
2955,Pablogomez3,abhi1thakur
2956,Pavle35463741,abhi1thakur
2957,pete81505607,abhi1thakur
2958,pete81505607,abhi1thakur
2959,pete81505607,abhi1thakur
2960,PRAT33K_Sri,abhi1thakur
2961,PyDataBristol,abhi1thakur
2962,Umbrella_Sierra,abhi1thakur
2963,_FaridRodriguez,abhi1thakur
2964,_MauroSalazar,abhi1thakur
2965,_MauroSalazar,abhi1thakur
2966,anhkeen,dennybritz
2967,sigir_students,leifos
2968,jon_gillick,Abeba
2969,HeesooMyeong,fchollet
2970,MasoudCharkhabi,fchollet
2971,matteo_turla_,fchollet
2972,pankajmathur_,fchollet
2973,Quanguet,fchollet
2974,_DLPBGJ80C04Z_,fchollet
2975,_DLPBGJ80C04Z_,fchollet
2976,cpdiku,acm_ictir
2977,fhasibi,acm_ictir
2978,krisztianbalog,acm_ictir
2979,krisztianbalog,acm_ictir
2980,SIGIRConf,acm_ictir
2981,_ConferenceList,acm_ictir
2982,shailjaThakur3,mrtz
2983,elasticjava,Thom_Wolf
2984,kane_tomelf,Thom_Wolf
2985,romain_riviere,Thom_Wolf
2986,Miruna_Pislar,MarekRei
2987,TirthankarSlg,tallinzen
2988,abellogin,denisparra
2989,filipebraida,denisparra
2990,AldoLipani,krisztianbalog
2991,CharlotteHase,krisztianbalog
2992,fhasibi,krisztianbalog
2993,miguelmalvarez,peteskomoroch
2994,acmeducation,TheOfficialACM
2995,Long_Phil_Xia,TheOfficialACM
2996,DrJimFan,karpathy
2997,fjfbupt,karpathy
2998,ghhosh,karpathy
2999,gocomvis,karpathy
3000,imtejas13,karpathy
3001,resetar_jozef,karpathy
3002,robipalo,karpathy
3003,robipalo,karpathy
3004,hrosmendez,chrmanning
3005,XianzhiDai,chrmanning
3006,yigalpage,chrmanning
3007,SRoyLee,aclmeeting
3008,adn_twitts,wellingmax
3009,ArtDeza,wellingmax
3010,anhkeen,shobeirf
3011,CVPRConf,erichorvitz
3012,ChennuriPrateek,CVPR
3013,KhosravanNaji,CVPR
3014,KWVIS,CVPR
3015,_prasunroy,CVPR
3016,Long_Phil_Xia,NandoDF
3017,DrSkippy,zeynep
3018,DrSkippy,zeynep
3019,GGedus,mrogati
3020,VisualAILa,pabbeel
3021,DrPhilSmith1,pmddomingos
3022,_KINRW,FraunhoferIAIS
3023,nedjmaou,NAACLHLT
3024,nedjmaou,NAACLHLT
3025,Samujjwal_Sam,NAACLHLT
3026,TylersNetwork,NAACLHLT
3027,GiulioRossetti,emilio__ferrara
3028,AiInput,ACMRecSys
3029,AmanoGinjiGo,ACMRecSys
3030,AmanoGinjiGo,ACMRecSys
3031,AmanoGinjiGo,ACMRecSys
3032,AmanoGinjiGo,ACMRecSys
3033,BkIT_Hieu,ACMRecSys
3034,cpdiku,ACMRecSys
3035,crmpla67,ACMRecSys
3036,edchi,ACMRecSys
3037,eva_zangerle,ACMRecSys
3038,jkonstan,ACMRecSys
3039,LinasTw,ACMRecSys
3040,sandrewge,ACMRecSys
3041,trustswz,ACMRecSys
3042,trustswz,ACMRecSys
3043,swarnasras,NewYorker
3044,arelmadany,Walid_Magdy
3045,SIGIRForum,ACM_CHIIR
3046,SIGIRForum,ACM_CHIIR
3047,SIGIRForum,ACM_CHIIR
3048,sigir_students,ACM_CHIIR
3049,coderKshatriya,MIT_CSAIL
3050,doxdankk,MIT_CSAIL
3051,KingEdwin7,MIT_CSAIL
3052,npinto,MIT_CSAIL
3053,umarvinci,MIT_CSAIL
3054,umarvinci,MIT_CSAIL
3055,umarvinci,MIT_CSAIL
3056,yurimalheiros,MIT_CSAIL
3057,koriavinash001,josh_tobin_
3058,WSSC_UPF,PolarBearby
3059,WSSC_UPF,PolarBearby
3060,drscotthawley,katecrawford
3061,XiangruTang,Eric_Wallace_
3062,AIexLaurence,GoogleCola
3063,joemonj,gneubig
3064,coastalcph,WikiResearch
3065,jacobeisenstein,WikiResearch
3066,arunkumar_bvr,lexfridman
3067,dnrusakov,lexfridman
3068,cpdiku,DrCh0le
3069,EmilianaMurgia,DrCh0le
3070,EmilianaMurgia,DrCh0le
3071,EmilianaMurgia,DrCh0le
3072,maliannejadi,DrCh0le
3073,PIReTship,DrCh0le
3074,PIReTship,DrCh0le
3075,NeuIRwkshp,UnderdogGeek
3076,NeuIRwkshp,UnderdogGeek
3077,NeuIRwkshp,UnderdogGeek
3078,PyDataBristol,nasrinmmm
3079,joemonj,vardi
3080,ChristosKyrkou,NVIDIAHPCDev
3081,fabien_gandon,wimmics
3082,ChabukaisixL,mleonurr
3083,AxelPolleres,TheWebConf
3084,gdm3000,TheWebConf
3085,giselle_zeno,TheWebConf
3086,gjhouben,TheWebConf
3087,guidozuc,TheWebConf
3088,julia_kiseleva,TheWebConf
3089,rcccym,TheWebConf
3090,r_maya,TheWebConf
3091,shobeirf,TheWebConf
3092,shobeirf,TheWebConf
3093,ChabukaisixL,DameWendyDBE
3094,entoutsi,DameWendyDBE
3095,ka_kinder,DameWendyDBE
3096,romain_riviere,colinraffel
3097,acmwsrm,omarsar0
3098,urhr2,omarsar0
3099,ChuQuocQuan1,omarsar0
3100,ChuQuocQuan1,omarsar0
3101,ChuQuocQuan1,omarsar0
3102,dahlemd,omarsar0
3103,DeathPoseidon,omarsar0
3104,DeepHindsight,omarsar0
3105,FedPernici,omarsar0
3106,hendyfergus,omarsar0
3107,jbagnato,omarsar0
3108,jgmorenof,omarsar0
3109,JKleenankandy,omarsar0
3110,JKleenankandy,omarsar0
3111,johnpac76,omarsar0
3112,KingEdwin7,omarsar0
3113,KouroshMeshgi,omarsar0
3114,Lemmafire,omarsar0
3115,Lemmafire,omarsar0
3116,Lemmafire,omarsar0
3117,maponaso,omarsar0
3118,PRAT33K_Sri,omarsar0
3119,robinwritescode,omarsar0
3120,robinwritescode,omarsar0
3121,saby_tweets,omarsar0
3122,sangramga,omarsar0
3123,shailjaThakur3,omarsar0
3124,snrspeaks,omarsar0
3125,snrspeaks,omarsar0
3126,tattinsphue,omarsar0
3127,twitoogle,omarsar0
3128,yarphs,omarsar0
3129,_bam098,omarsar0
3130,_MauroSalazar,omarsar0
3131,RubenEVillegas,Michael_J_Black
3132,Csisc1994,ProfFeynman
3133,drewAhudson,ProfFeynman
3134,Lmalongo2,ProfFeynman
3135,Lmalongo2,ProfFeynman
3136,lueviggen,hardmaru
3137,calabi_and_yau,hardmaru
3138,CVPRConf,hardmaru
3139,DabhiLevin,hardmaru
3140,dave_co_dev,hardmaru
3141,elasticjava,hardmaru
3142,HeesooMyeong,hardmaru
3143,MoustaphaSheikh,hardmaru
3144,therealquantran,hardmaru
3145,vinay83372799,hardmaru
3146,o_wangbo,ngrams
3147,arthur3131,siddharthb_
3148,michaelzeller,siddharthb_
3149,SRoyLee,siddharthb_
3150,gjhouben,laroyo
3151,MohitIyyer,RichardJeanSo
3152,rmit_cidda,damiano10
3153,davidcarmel,WSDMSocial
3154,eugeneAgichtein,WSDMSocial
3155,yurilacerda,WSDMSocial
3156,cseminar2011,AcademicsSay
3157,doxdankk,NVIDIAAI
3158,hwingo,NVIDIAAI
3159,hwingo,NVIDIAAI
3160,siliconvalleyAI,StanfordHAI
3161,stanfordnlp,StanfordHAI
3162,akshitac8,facebookai
3163,alexiatoumpa,facebookai
3164,arth573,facebookai
3165,AtulPat24952990,facebookai
3166,AtulPat24952990,facebookai
3167,calabi_and_yau,facebookai
3168,CVPRConf,facebookai
3169,KouroshMeshgi,facebookai
3170,PengDai_ca,facebookai
3171,romain_riviere,facebookai
3172,SaleTawfiq,facebookai
3173,sangramga,facebookai
3174,theujjwal9,facebookai
3175,trustswz,__luca
3176,sharma_ashish_2,timalthoff
3177,joaopalotti,ingmarweber
3178,DrJimFan,drfeifei
3179,ntonellotto,craig_macdonald
3180,TerrierTeam,craig_macdonald
3181,TerrierTeam,craig_macdonald
3182,abifet,DAMI_Social
3183,PanPapapetrou,DAMI_Social
3184,maojiaxin,ictir2020
3185,RebeccaCambodia,BarackObama
3186,supriya_gdptl,WiMLworkshop
3187,azadef,cfiesler
3188,scinoise,cfiesler
3189,DeathPoseidon,KirkDBorne
3190,MoustaphaSheikh,KirkDBorne
3191,nsankar,KirkDBorne
3192,o_wangbo,AndrewYNg
3193,jbagnato,AndrewYNg
3194,pankajmathur_,AndrewYNg
3195,SGdatasc,AndrewYNg
3196,thanhmvu,AndrewYNg
3197,yigalpage,AndrewYNg
3198,Salem06,juliette_jarry
3199,c_richardt,xkcdComic
3200,elasticjava,xkcdComic
3201,maponaso,xkcdComic
3202,PhDiSchoolSU,xkcdComic
3203,sdhdezp,xkcdComic
3204,maxxx_patel,pbhushan1
3205,romain_riviere,illyuchenlin
3206,metzlerd,841io
3207,fjfbupt,timnitGebru
3208,guidozuc,tetsuyasakai
3209,OlegZendel,tetsuyasakai
3210,anhkeen,jure
3211,arelmadany,jure
3212,arkaitz,jure
3213,urhr2,jure
3214,CharlotteHase,jure
3215,emilio__ferrara,jure
3216,Fatemehsrz4,jure
3217,Fatemehsrz4,jure
3218,HanGuo97,jure
3219,RalfKlinkenberg,jure
3220,sangramga,jure
3221,sangramga,jure
3222,TakaComa,jure
3223,3aliahamwi,IWAN_RG
3224,sotonWSI,JisunAn
3225,TylersNetwork,JisunAn
3226,alexk_z,GoogleAI
3227,ameliovr,GoogleAI
3228,ameliovr,GoogleAI
3229,eramMusa,GoogleAI
3230,DeepHindsight,GoogleAI
3231,DeepHindsight,GoogleAI
3232,gocomvis,GoogleAI
3233,mazycat,GoogleAI
3234,Montreal_IA,GoogleAI
3235,RKamoi,GoogleAI
3236,lueviggen,HamedZamani
3237,guidozuc,HamedZamani
3238,metzlerd,HamedZamani
3239,albondarenko2,2021Ecir
3240,albondarenko2,2021Ecir
3241,o_wangbo,2021Ecir
3242,eugeneAgichtein,2021Ecir
3243,fmnardini,2021Ecir
3244,fmnardini,2021Ecir
3245,raffaele_perego,2021Ecir
3246,sigir_students,2021Ecir
3247,jfhaynes,sama
3248,maulikkamdar,srijankedia
3249,shobeirf,srijankedia
3250,EldarSilver,kourtellis
3251,EldarSilver,kourtellis
3252,EldarSilver,kourtellis
3253,RishiBommasani,ethayarajh
3254,SoudeFazeli,gamboviol
3255,AixinSG,jcdl20201
3256,AixinSG,jcdl20201
3257,AixinSG,jcdl20201
3258,AixinSG,jcdl20201
3259,AixinSG,jcdl20201
3260,shawnmjones,jcdl20201
3261,shawnmjones,jcdl20201
3262,shawnmjones,jcdl20201
3263,shawnmjones,jcdl20201
3264,shawnmjones,jcdl20201
3265,sharma_ashish_2,timalthoff
3266,cpdiku,iadh
3267,DiverseInAI,jure
3268,DiverseInAI,jure
3269,DiverseInAI,jure
3270,timgollins,iadh
3271,maliannejadi,invertedindex
3272,maliannejadi,invertedindex
3273,maliannejadi,invertedindex
3274,fhasibi,krisztianbalog
3275,fhasibi,krisztianbalog
3276,fhasibi,krisztianbalog
3277,dave_co_dev,ylecun
3278,elad1,invertedindex
3279,elad1,invertedindex
3280,elad1,invertedindex
3281,fukutax,k_leyton_brown
3282,fukutax,k_leyton_brown
3283,fukutax,k_leyton_brown
3284,fukutax,k_leyton_brown
3285,fukutax,k_leyton_brown
3286,djoerd,ian_soboroff
3287,djoerd,ian_soboroff
3288,djoerd,ian_soboroff
3289,djoerd,ian_soboroff
3290,djoerd,ian_soboroff
3291,alexk_z,dlrs_workshop
3292,Azarkhalili,dustinvtran
3293,Azarkhalili,dustinvtran
3294,Azarkhalili,dustinvtran
3295,Azarkhalili,dustinvtran
3296,RahelJhirad,dlrs_workshop
3297,arthur3131,dmirgroup
3298,ML_Tweet_Bot,omarsar0
3299,ML_Tweet_Bot,jure
3300,ML_Tweet_Bot,jure
3301,ML_Tweet_Bot,iadh
3302,ML_Tweet_Bot,iadh
3303,ML_Tweet_Bot,jure
3304,ML_Tweet_Bot,jure
3305,ML_Tweet_Bot,jure
3306,ML_Tweet_Bot,jure
3307,TerrierTeam,iadh
3308,digitalhealthxx,ethayarajh
3309,digitalhealthxx,ethayarajh
3310,digitalhealthxx,ethayarajh
3311,subhobrata1,ruoccoma
3312,subhobrata1,facebookai
3313,subhobrata1,ruoccoma
3314,subhobrata1,facebookai
3315,subhobrata1,facebookai
3316,sangramga,jure
3317,sangramga,jure
3318,sangramga,jure
3319,sangramga,jure
3320,sangramga,jure
3321,maponaso,dlrs_workshop
3322,burhr2,omarsar0
3323,burhr2,jure
3324,burhr2,jure
3325,burhr2,jure
3326,Fatemehsrz4,jure
3327,Fatemehsrz4,jure
3328,Fatemehsrz4,jure
3329,Fatemehsrz4,jure
3330,tarundsnaol,facebookai
3331,frrncl,krisztianbalog
3332,frrncl,iadh
3333,frrncl,krisztianbalog
3334,frrncl,krisztianbalog
3335,guidozuc,invertedindex
3336,guidozuc,iadh
3337,guidozuc,invertedindex
3338,guidozuc,iadh
3339,guidozuc,invertedindex
3340,guidozuc,iadh
3341,guidozuc,iadh
3342,guidozuc,invertedindex
3343,guidozuc,invertedindex
3344,mart1nkle1n,jcdl20201
3345,mart1nkle1n,jcdl20201
3346,mart1nkle1n,jcdl20201
3347,mart1nkle1n,jcdl20201
3348,mart1nkle1n,jcdl20201
3349,bkeegan,fivethirtynate
3350,TheShahrozTariq,yanliu_usc
3351,CSProfKGD,dimadamen
3352,pcastells,iadh
3353,julia_kiseleva,invertedindex
3354,julia_kiseleva,invertedindex
3355,julia_kiseleva,invertedindex
3356,nadavgolbandi,miha_jlo
3357,nadavgolbandi,miha_jlo
3358,nadavgolbandi,miha_jlo
3359,nadavgolbandi,miha_jlo
3360,HamedZamani,invertedindex
3361,HamedZamani,invertedindex
3362,HamedZamani,invertedindex
3363,drscotthawley,katecrawford
3364,drscotthawley,katecrawford
3365,drscotthawley,katecrawford
3366,drscotthawley,katecrawford
3367,gjhouben,laroyo
3368,gjhouben,laroyo
3369,preslav_nakov,ida_symposia
3370,preslav_nakov,ida_symposia
3371,preslav_nakov,ida_symposia
3372,preslav_nakov,ida_symposia
3373,preslav_nakov,ida_symposia
3374,CharlotteHase,krisztianbalog
3375,CharlotteHase,krisztianbalog
3376,CharlotteHase,krisztianbalog
3377,pranav_kundra,karpathy
3378,peterpaws,domonkostikk
3379,peterpaws,domonkostikk
3380,peterpaws,domonkostikk
3381,abellogin,dlrs_workshop
3382,abellogin,dlrs_workshop
3383,abellogin,gamboviol
3384,abellogin,dlrs_workshop
3385,abellogin,dlrs_workshop
3386,karlhigley,iadh
3387,karlhigley,dustinvtran
3388,bexxmodd,rabeeh
3389,bexxmodd,pakdd_social
3390,bexxmodd,rabeeh
3391,bexxmodd,pakdd_social
3392,bexxmodd,pakdd_social
3393,bexxmodd,iadh
