DanStoyanov,dantkz
mcleanonline,danjamker
trendsinAI,danjamker
kaithedataguy,cweichen
kobhqlt,cweichen
EyeOn_AI,craigss
chidambara09,craigss
emiliagogu,cpjku
m_schedl,cpjku
sertansenturk,cpjku
heghbalz,cpjku
xaelbot,coderKshatriya
DjangoBot_,coderKshatriya
bottomshelfbks,cindyanguyen
CaptionHealth,charlescadieu
mattlungrenMD,charlescadieu
petererdi,antoniolieto
AIC_Workshop,antoniolieto
AzuerBot,ams_ds
the404code,ams_ds
JorisvEijnatten,ams_ds
lorentzcenter,ams_ds
USC_ISI,yolandagil
serghei_mangul,yolandagil
alykhantejani,trustswz
pavlos098,trovdimi
viralvideovlogs,tjorphd
DjangoBot_,theNeomatrix369
BieschkeEric,taoyeah
BieschkeEric,taoyeah
BieschkeEric,taoyeah
niallmurr,ali_h_vahid
tarfandy,ali_h_vahid
sciBot6,ali_h_vahid
whoismikey,ali_h_vahid
aristotletruth,alexvespi
AdrianaManna,alexvespi
ryanjgallag,alexvespi
polettipiero,alexvespi
paoloigna1,alexvespi
SlyBalde,alde_ahmed
Real_Person_DH,alanyliu
DigtalHumanatee,alanyliu
Upooorv,ajeyatj
surenmehla,ajeyatj
jha_raghbendra,adssidhu86
myastrojk,acrossbook
johnSNOWMTAINER,ac7ionabl3
MicrosoftEU,_KINRW
FraunhoferIAIS,_KINRW
CyberDFIR,Zack_Elbazi
CJFrieman,YaleClassicsLi
NunofBicho,YaleClassicsLi
suzan,WomenInIR
lauradietz99,WomenInIR
ML_Tweet_Bot,WalidShalaby9
_abraranwar,VaibhavUnhelkar
bmaganti_,sportstechws
MonarcSport,sportstechws
anneTHEcaptain,somaleedatta
BlkHwk0ps,siliconvalleyAI
BantamCityGames,siliconvalleyAI
stefano688,siliconvalleyAI
ML_Tweet_Bot,siliconvalleyAI
AmazonScience,shobeirf
andrewmorrisuk,rupensa
Dr_SaraPensa,rupensa
emmepirra,rupensa
SeetaLabs,rupensa
ReynWrestling,profe_hanna
yasithmilinda,pates_richard
Gavindya2,pates_richard
ORCA_Hub,TrustDeepLearn
tk171384,TheDJZiegler
jerimama2,TheDJZiegler
udr3y,TabmoLabs
JenniferRoudet1,TabmoLabs
udr3y,TabmoLabs
julien_lafont,TabmoLabs
danielsdesk,THassner
colormetaan05,THassner
Stephen_MacNeil,SrishtiPalani
jasonzding,SrishtiPalani
jasonzding,SrishtiPalani
mosestadka,SrishtiPalani
mosestadka,SrishtiPalani
researchmrx,SVSIGGRAPH
SF_BayArea_ACM,SVSIGGRAPH
SF_BayArea_ACM,SVSIGGRAPH
SIGIRConf,SIGIRForum
ACM_CHIIR,SIGIRForum
zhaochun_ren,SIGIRConf
zhaochun_ren,SIGIRConf
SustainTrends,RecSys_c
pf0AkX7bOUFIgYL,Rashed_majed_R
Voice103,Rashed_majed_R
RecSys_c,orsum_ws
smdistefano,noiano
ankorsa,noiano
latintechtools,neelsmithhc
B_rClark,neelsmithhc
SambitPhD,navatintarev
McWillemsen,navatintarev
code_convention,michaelzeller
DataAugmented,michaelzeller
PyScaleLLC,michaelzeller
AideenGibson,mauricemulvenna
juoople,mauricemulvenna
msjdorg,maureen_stokan
RoddCunha,matteo_turla_
Appanacca,matteo_turla_
iPythonistaBot,PyDataBristol
Polar_Research,PublicPolicyUoS
cjackso3,PhDiSchoolSU
thedeadrockshow,OliBox1
aispiOAU,OMAwoleye
elena_sinel,Miruna_Pislar
TeensInAI,Miruna_Pislar
FabrizioMarozzo,MassimoRuffolo
G_Bonanno,MassimoRuffolo
bladhairernag,MOMeachair
erikmschmidt,LinasTw
mdekstrand,LinasTw
epuujee,LabeledData
RACParisOuest,m1nhhanh
judishka,lynneguist
GerdDuerner,lynneguist
TheWebConf,locwe
TheWebConf,locwe
TheWebConf,locwe
SilvestriFr,leogrina
PMinervini,leogrina
Fahdalrwais,leifos
SAloteibi,leifos
TheCuriousLuke,laroyo
gjhouben,laroyo
cawelty,laroyo
priyanka_iitg,laroyo
giuseppeserra,lambertoballan
sotonWSI,kwelle
shawnmjones,kwelle
abhas_rewcie,koriavinash001
ravi_iitm,koriavinash001
cbo53,kerstingAIML
adn_twitts,kerstingAIML
KlausBoldt,kerstingAIML
MarieCoppola68,kemmorey1
HowardManns,kemmorey1
ortega_ger,kemmorey1
Omusiani_217,kamama_ai
salesforcebuff,JeroenTalks
dawnieando,JeroenTalks
arjenpdevries,JeroenTalks
mounialalmas,JeroenTalks
mariacinacio,IPDLN
emma_v_gordon,IPDLN
dne5pt,HamidZafart
code_convention,HBAkirmak
_FunBot,HBAkirmak
BaranskiHailey,GuacWithTwoLegs
cybycmu,GuacWithTwoLegs
annientran,GuacWithTwoLegs
lcpiris,GRAMUAH
croloriz,GRAMUAH
colormotor,FedPernici
Discovertech3,EticasConsult
JoaquimDorda,EticasConsult
VictorGranger,EpitechLyon
EmifatiZebua1,EmifatiZebua1
EmifatiZebua1,EmifatiZebua1
chidambara09,job_santana
arjenpdevries,jkamps
ricardo_ik_ahau,jbagnato
D3v3lop3r3,jbagnato
ApenasTwomuk,janemorgan62
nadyfabri,iricelino
a_carenini,iricelino
EUR_DS4H,inria_sophia
rstats_tweets,icaroagostino
rstatstweet,icaroagostino
jmvara,icantador
miriam_fs,icantador
miguelmorar1,icantador
GomezAbajo,icantador
OpenAriccia,iblioveri
opendatasteward,iblioveri
opendatasteward,iblioveri
Orrudamiano,iblioveri
butacit,iblioveri
ecotorvergata,iblioveri
BharathirajaAkr,i_sanvi
josuaztiria,i_sanvi
ileturia,i_sanvi
_Diego_Sanche_,EldarSilver
AlcantaraPla,DigitalesMaster
AlcantaraPla,DigitalesMaster
rvasa,DeakinA2I2
ArcDelh,DeakinA2I2
deakinresearch,DeakinA2I2
SSNDeakin,DeakinA2I2
Luciapiff,DH_FBK
LogosNat,DH_FBK
DigtalHumanatee,DH_FBK
sara_hlt,DH_FBK
melissafearon,DAMI_Social
stoll_martin,DAMI_Social
kmoretticompsci,DAMI_Social
melissafearon,DAMI_Social
MRBerthold,DAMI_Social
BrainRoaring,ChristosKyrkou
aeryn_thrace,CBolibaugh
trendsinAI,BigBetAnalytics
developerkc,BigBetAnalytics
shankar_sahai,BigBetAnalytics
code_convention,BigBetAnalytics
code_convention,BigBetAnalytics
ShadajL,Berkeley_EECS
gazebofiftytry,Berkeley_EECS
auricursine,BerkeleyISchool
FromMichelle,BerkeleyDataSci
damiano10,BenCarterette
Karan_Sabhnani,BenCarterette
frrncl,BenCarterette
UnderdogGeek,BenCarterette
IndieGamesBOT1,BantamCityGames
ITT_Research,AzureRose4
janmendling,AxelPolleres
SabrinaKirrane,AxelPolleres
AAllegretto_AM,AuntMinnie
MedicalScitech,AuntMinnie
angelao1223,AIHealthMIT
hadisalmanX,AIHealthMIT
Claudia25256736,AIHealthMIT
yurhealth,AIHealthMIT
ifuentes3,AIHealthMIT
BarzilayRegina,AIHealthMIT
vers_laLune,1957e2
