YunuSemih,seb_ruder
coffeycode,seb_ruder
DiamondCrouping,seb_ruder
epuujee,seb_ruder
BigBetAnalytics,seb_ruder
SRoyLee,seb_ruder
robinwritescode,seb_ruder
seoyeonp_,seb_ruder
dhruvghulati,seb_ruder
1957e2,seb_ruder
bwinterrose,seb_ruder
rashinyoni,seb_ruder
sdhdezp,seb_ruder
KouroshMeshgi,seb_ruder
leepersil,seb_ruder
crisis_ti,seb_ruder
verycourt,seb_ruder
johnpac76,seb_ruder
FedPernici,seb_ruder
wavybatman,seb_ruder
epuujee,seb_ruder
beramMusa,seb_ruder
Datenverlust,seb_ruder
1957e2,seb_ruder
MAltman64114495,seb_ruder
yurimalheiros,seb_ruder
jainnitk,seb_ruder
subhobrata1,seb_ruder
3aliahamwi,seb_ruder
dangne99,seb_ruder
HBAkirmak,seb_ruder
Pablogomez3,seb_ruder
MoustaphaSheikh,seb_ruder
Bemougoula2,seb_ruder
HBAkirmak,seb_ruder
veydpz_public,seb_ruder
LabeledData,seb_ruder
gangeshwark,seb_ruder
jochenleidner,seb_ruder
RJLAyalaWilt,seb_ruder
kazanagisora,seb_ruder
ev_fedorenko,seb_ruder
klewer8,seb_ruder
DrPhilSmith1,seb_ruder
seanmylaw,seb_ruder
rilwan128,seb_ruder
rodrikk,seb_ruder
romain_riviere,seb_ruder
adssidhu86,seb_ruder
cnnjojo,seb_ruder
JunsongW,seb_ruder
BlkHwk0ps,seb_ruder
cmndln,seb_ruder
coastalcph,seb_ruder
goldexcallibur1,seb_ruder
hrosmendez,seb_ruder
viverdedados,rctatman
cheers360,rctatman
epuujee,rctatman
Kevin_Ferret,rctatman
mohansiva_sai,rctatman
DigitalesMaster,rctatman
eybarnei,rctatman
paulanietog,rctatman
Labophil,rctatman
nettra,rctatman
seedowney,rctatman
MelTorefas,rctatman
9ncM9v2R,rctatman
zabazaza,rctatman
HaroldPedroso,rctatman
jainnitk,rctatman
MelTorefas,rctatman
_bam098,rctatman
tahsin_mayeesha,rctatman
lonepattern,rctatman
Supermathie,rctatman
altrealist,rctatman
mediasittich,rctatman
Janu_Sundarj,rctatman
TunguzReview,rctatman
PyeFiona,rctatman
tonbotomoe,rctatman
Guvvalapavanku1,math_rachel
nicholae,math_rachel
ML_Tweet_Bot,math_rachel
EticasConsult,math_rachel
epuujee,math_rachel
Nidhich3,math_rachel
Mazi_Obinna,math_rachel
bexxmodd,math_rachel
erinjerri,math_rachel
riskdesigner,math_rachel
BerkeleyDataSci,kdd_news
Berkeley_EECS,kdd_news
NetworkTremieu,kdd_news
rguptaji,kdd_news
Satrdays_DC,kdd_news
leitang,kdd_news
SF_BayArea_ACM,kdd_news
SVSIGGRAPH,kdd_news
PydatalabUSAL,kdd_news
SRoyLee,kdd_news
DashBer28836525,kdd_news
vclaTUwien,kdd_news
RalfKlinkenberg,kdd_news
bexxmodd,kdd_news
SIAMDataMining,kdd_news
ChrisPeikert,kdd_news
MSU_Egr_News,kdd_news
michaelzeller,kdd_news
gtrbi,kdd_news
KatharinaJutta,kdd_news
rijitK,kdd_news
ac7ionabl3,kdd_news
uklobe,kdd_news
leogrina,kdd_news
mauricemulvenna,kdd_news
spray83,kdd_news
PengDai_ca,kdd_news
hubofml,kdd_news
jaegerjackie,kdd_news
siddharthb_,kdd_news
ML_Tweet_Bot,kdd_news
RalfKlinkenberg,kdd_news
jfhaynes,kdd_news
dshugars,kdd_news
sportstechws,kdd_news
tarundsnaol,jurafsky
DeathPoseidon,jurafsky
imtejas13,jurafsky
ElenLeFoll,jurafsky
MOMeachair,jurafsky
WisalKhwaja,jurafsky
frankml10,jurafsky
mjoehlerich,jurafsky
dovgvlad,jurafsky
TeaHuggerGSO,jurafsky
Duyvvu,jurafsky
CBolibaugh,jurafsky
MsPeregrine_,jurafsky
msurd,jurafsky
olgakoveneva,jurafsky
Irzhik3,jurafsky
Pythonista1,jurafsky
k4nnn6843,jurafsky
asifrazzaq1988,jurafsky
kmario234,jurafsky
Wenpeng_Yin,jurafsky
patternproject,jurafsky
LellaVardan,jurafsky
me_disabled,jurafsky
Kricketime,jurafsky
nedjmaou,jurafsky
JayPate97356556,jurafsky
shailjaThakur3,jurafsky
_shengche,jurafsky
northboundlane,jurafsky
bodrell,jurafsky
visual_linguist,jurafsky
kemmorey1,jurafsky
SalehCU,jurafsky
framrus,jurafsky
ArjumandYounus,jurafsky
AnglistikaFFUL,jurafsky
LanguageMIT,jurafsky
i_sanvi,jurafsky
eatingalonepix,jurafsky
engin32m,jurafsky
TheAshenLight,jurafsky
OliBox1,jurafsky
joycehanson,jurafsky
ajeyatj,jurafsky
uamuzik,jurafsky
acrossbook,jurafsky
teogiord,jurafsky
jamiekim,jurafsky
bulicny,jurafsky
kelsamur_nyc,jurafsky
jacquehtidwell,jurafsky
bridgetwhitlow,jurafsky
localeatr,jurafsky
becauselangpod,jurafsky
TSchnoebelen,jurafsky
a_e_lang,jurafsky
gmonce,jurafsky
niam,jurafsky
elaherah,jurafsky
cookindineout,jurafsky
msurd,jurafsky
danschmidtke,jurafsky
TSchnoebelen,jurafsky
IceCreamFoodFan,jurafsky
bryanroutledge,jurafsky
RobertaAlgeri,jurafsky
amirieb,jurafsky
mazycat,jurafsky
lynneguist,jurafsky
moximer,jurafsky
prknoll,jurafsky
_ERLNMYR,jurafsky
localeatr,jurafsky
GrateFullLife,jurafsky
Leo___Sturm,jurafsky
niam,jurafsky
ValleyOfSilicon,jurafsky
HarvardBooks,jurafsky
SedighKhademi,jurafsky
kelsamur_nyc,jurafsky
orenhazai,jurafsky
gnl_sabah,jurafsky
seemsArtless,jurafsky
d_raydenn,jurafsky
CandycaneBelle,jurafsky
haspelmath,jurafsky
DH_FBK,jurafsky
GULSHANKUMARSAH,jurafsky
AchilleTalon,jurafsky
AlexMurzaku,jurafsky
BreakThruRadio,jurafsky
stanfordnlp,jurafsky
leahvelleman,jurafsky
RishiBommasani,jurafsky
mrdrozdov,jurafsky
fjfbupt,jurafsky
rachellaudan,jurafsky
roseberrymaier,jurafsky
aCraigPfeifer,jurafsky
mjmrsc,jurafsky
elkhereiji,jurafsky
vereneesa,ilyasut
anvesh_4,ilyasut
HeesooMyeong,ilyasut
MuyiwaWilliams_,ilyasut
AIexLaurence,ilyasut
yarphs,ilyasut
aha_momentum,ilyasut
_____Momin,ilyasut
Shashank_Mouli,ilyasut
bob_burrough,ilyasut
chiefaiofficers,ilyasut
poppy_wyatt,ilyasut
brain4ai,ilyasut
hatchling_13,ilyasut
phschaer,ecir2022
raffaele_perego,ecir2022
trigk,dbamman
data_fiend,dbamman
ApproximateJoe,dbamman
irenemcho,dbamman
e_dythe,dbamman
keatonprice,dbamman
sprads,dbamman
DrSkippy,dbamman
YaleClassicsLib,dbamman
loradeets,dbamman
nitin,dbamman
brendan642,dbamman
colochef,dbamman
RickBrannan,dbamman
murarigoswami,dbamman
tattinsphue,dbamman
vicomdoni,dbamman
GretaFranzini,dbamman
MeronHardnett,dbamman
rbuurma,dbamman
brendan642,dbamman
jacobeisenstein,dbamman
XiangruTang,dbamman
katiestasaski,dbamman
rosenzweig1991,dbamman
CaoHancheng,dbamman
Nonnepossopi1,dbamman
chumulu,dbamman
coastalcph,dbamman
CLARINERIC,dbamman
annejonas,dbamman
glebourd,dbamman
jon_gillick,dbamman
LukeZettlemoyer,dbamman
JensVisitorDesk,dbamman
michellewitte,dbamman
Jberenike,dbamman
NickySLloyd,dbamman
RebeccaCambodia,dbamman
MohitIyyer,dbamman
BerkeleyDataSci,dbamman
AngelJSalazar,dbamman
SaschaGriffiths,dbamman
WizardOfDocs,dbamman
dccc_phd,dbamman
cindyanguyen,dbamman
alanyliu,dbamman
a_e_lang,dbamman
alanyliu,dbamman
IgorBrigadir,dbamman
clured,dbamman
neelsmithhc,dbamman
jeridfrancom,dbamman
ktsword,dbamman
BerkeleyISchool,dbamman
cat_c_b,dbamman
_DLPBGJ80C04Z_,chrmanning
NabilAdams,chrmanning
Samujjwal_Sam,chrmanning
daisy_qx_deng,chrmanning
HanGuo97,chrmanning
Miruna_Pislar,chrmanning
rohit_rathore2,chrmanning
bazile,chrmanning
onurvarol,chrmanning
math_hope,chrmanning
FxCebx,chrmanning
meghna_hooda,chrmanning
DoctorAfghan,chrmanning
DiscriminantBot,chrmanning
erinpac,chrmanning
phoenix24,chrmanning
ume_kyd,chrmanning
KouroshMeshgi,chrmanning
_Nrgeup,chrmanning
oahmady,chrmanning
ReinforcementB,chrmanning
WalidShalaby9,chrmanning
levhita,chrmanning
el_keogh,chrmanning
MassimoRuffolo,chrmanning
mrhctr,chrmanning
drewAhudson,chrmanning
captorofimages,chrmanning
kellyscientist,chrmanning
ameliovr,chrmanning
AzureRose4,chrmanning
XianzhiDai,chrmanning
edureisMD,chrmanning
maherjend,chrmanning
somaleedatta,chrmanning
siliconvalleyAI,chrmanning
sriharshams,chrmanning
vinay83372799,chrmanning
the_data_dev,chrmanning
hwingo,chrmanning
GouriGinde,chrmanning
sangramga,chrmanning
balde_ahmed,chrmanning
yigalpage,chrmanning
arunkumar_bvr,chrmanning
AuntMinnie,chrmanning
ML_Tweet_Bot,chrmanning
Nickola90255904,chrmanning
hd_subrata,abhi1thakur
Rashed_majed_R,abhi1thakur
BlkHwk0ps,abhi1thakur
25_4oz,abhi1thakur
Rasula14,abhi1thakur
JKleenankandy,abhi1thakur
_kareem_tunde,abhi1thakur
ML_Tweet_Bot,abhi1thakur
DeepHindsight,abhi1thakur
MrVivekKumarTi1,abhi1thakur
ChuQuocQuan1,abhi1thakur
kamama_ai,abhi1thakur
bexxmodd,abhi1thakur
hatimnagarwala,abhi1thakur
ML_Tweet_Bot,abhi1thakur
PyDataBristol,abhi1thakur
pete81505607,abhi1thakur
arth573,abhi1thakur
achillar2,abhi1thakur
acmwsrm,abhi1thakur
matsuco_std,abhi1thakur
mash_umapathy,abhi1thakur
dnrusakov,abhi1thakur
BlkHwk0ps,abhi1thakur
unpair_idiot,abhi1thakur
Umbrella_Sierra,abhi1thakur
maxxx_patel,abhi1thakur
godfrey_G_,abhi1thakur
trendsinAI,abhi1thakur
naijalaysian,abhi1thakur
tmasada,abhi1thakur
unpair_idiot,abhi1thakur
BlkHwk0ps,abhi1thakur
KingEdwin7,abhi1thakur
epuujee,abhi1thakur
doxdankk,abhi1thakur
umarvinci,abhi1thakur
theNeomatrix369,abhi1thakur
etedadd,abhi1thakur
busuulwa_mark,abhi1thakur
bexxmodd,abhi1thakur
sumitsethy,abhi1thakur
aiplusunilag,abhi1thakur
naijalaysian,abhi1thakur
matteo_turla_,abhi1thakur
yasinkabir,abhi1thakur
DabhiLevin,abhi1thakur
bexxmodd,abhi1thakur
law_Tjatjie,abhi1thakur
Lemmafire,abhi1thakur
Azarkhalili,abhi1thakur
C4OI748N,abhi1thakur
eteeeeeerminal,abhi1thakur
navnit_28,abhi1thakur
faysalhamid707,abhi1thakur
evdisha,abhi1thakur
icaroagostino,abhi1thakur
_FaridRodriguez,abhi1thakur
bexxmodd,abhi1thakur
atystats,abhi1thakur
Teja94bt,abhi1thakur
doxdankk,abhi1thakur
nsankar,abhi1thakur
epuujee,abhi1thakur
snrspeaks,abhi1thakur
figuerosky,abhi1thakur
talkdatatomee,abhi1thakur
hastur_kato,abhi1thakur
youichiroz,abhi1thakur
BotRaj1,abhi1thakur
30xcodes,abhi1thakur
coderKshatriya,abhi1thakur
AtoyebiAbidemi3,abhi1thakur
ShreyaGDr,abhi1thakur
Kurbonali_K,abhi1thakur
miwojcz,abhi1thakur
pankajmathur_,abhi1thakur
unpair_idiot,abhi1thakur
_MauroSalazar,abhi1thakur
Arsalanvossough,abhi1thakur
digitalhealthxx,abhi1thakur
sangeeta15790,abhi1thakur
BackDoo94,abhi1thakur
labbaali,abhi1thakur
Mariya_Isograph,abhi1thakur
souhardya69,abhi1thakur
Pavle35463741,abhi1thakur
kekacang,abhi1thakur
ML_Tweet_Bot,abhi1thakur
KingEdwin7,abhi1thakur
galileoeni,abhi1thakur
PRAT33K_Sri,abhi1thakur
KestlerEdwin,abhi1thakur
crypto5o4,abhi1thakur
bexxmodd,abhi1thakur
epuujee,abhi1thakur
opexxx,abhi1thakur
seyiojediran,abhi1thakur
ashishlogmaster,abhi1thakur
morgan94088660,abhi1thakur
resetar_jozef,abhi1thakur
jimmyroybloom,abhi1thakur
hasaansaikat,abhi1thakur
godfrey_G_,abhi1thakur
morolswediu,abhi1thakur
FurudateK,abhi1thakur
BlkHwk0ps,abhi1thakur
AtulPat24952990,abhi1thakur
calabi_and_yau,abhi1thakur
ChinksSon,abhi1thakur
doesdatmaksense,abhi1thakur
abellogin,WebSciConf
danjamker,WebSciConf
arkaitz,WebSciConf
abellogin,WebSciConf
KAZurcher,WebSciConf
GuacWithTwoLegs,WebSciConf
bkeegan,WebSciConf
axelstreichen,WebSciConf
marco_java,WebSciConf
QMUL_DC,WebSciConf
tjorphd,WebSciConf
elisab79,WebSciConf
ka_kinder,WebSciConf
jillhopke,WebSciConf
fukutax,WebSciConf
shawnmjones,WebSciConf
sinemetuvivere,WebSciConf
ChabukaisixL,WebSciConf
peterpaws,WebSciConf
WebSciCologne,WebSciConf
iricelino,WebSciConf
ZohrehZahedi,WebSciConf
ciro,WebSciConf
stefhaustein,WebSciConf
phschaer,WebSciConf
shawnmjones,WebSciConf
intersticia,WebSciConf
kwelle,WebSciConf
arkaitz,WebSciConf
ACM_SIGWEB,WebSciConf
sotonWSI,WebSciConf
emilio__ferrara,WebSciConf
gjhouben,WebSciConf
tjorphd,WebSciConf
ACM_SIGWEB,WebSciConf
scheeloong,WSDMSocial
ZhuorenJiang,WSDMSocial
ali_h_vahid,WSDMSocial
danjamker,WSDMSocial
gvrkiran,WSDMSocial
yasmina_anwar,WSDMSocial
faabom,WSDMSocial
davidcarmel,WSDMSocial
Moha_Magdy,WSDMSocial
giulionapo,WSDMSocial
liuhuan,WSDMSocial
arjenpdevries,WSDMSocial
mrowebot,WSDMSocial
gangulyniloy,WSDMSocial
_ConferenceList,WSDMSocial
zhaochun_ren,WSDMSocial
edchi,WSDMSocial
jgmorenof,WSDMSocial
KSC_Nana,WSDMSocial
nadavgolbandi,WSDMSocial
WangjiaqiuH,WSDMSocial
ACM_SIGWEB,WSDMSocial
gong_cheng,WSDMSocial
Maximilian_Ge,WSDMSocial
n_rassam,WSDMSocial
zhaochun_ren,WSDMSocial
dawnieando,WSDMSocial
speyronnet,WSDMSocial
nadavgolbandi,WSDMSocial
opusdigitalis,WSDMSocial
anhkeen,WSDMSocial
Stephen_Lynch,WSDMSocial
nadavgolbandi,WSDMSocial
opusdigitalis,WSDMSocial
YahooResearch,WSDMSocial
entoutsi,WSDMSocial
ialuronico,WSDMSocial
TakaComa,WSDMSocial
_ConferenceList,WSDMSocial
guidozuc,WSDMSocial
tmasada,WSDMSocial
PolarBearby,WSDMSocial
sdowsi,WSDMSocial
elad1,WSDMSocial
yurilacerda,WSDMSocial
eugeneAgichtein,WSDMSocial
joaopalotti,WSDMSocial
miguelmalvarez,WSDMSocial
nadavgolbandi,WSDMSocial
mecheko78,WSDMSocial
PublicPolicyUoS,WSDMSocial
berty38,WSDMSocial
yisongyue,WSDMSocial
fmnardini,WSDMSocial
bill_slawski,WSDMSocial
NutLims,WSDMSocial
guidozuc,WSDMSocial
tmasada,WSDMSocial
NeuIRwkshp,WSDMSocial
opusdigitalis,WSDMSocial
Maximilian_Ge,WSDMSocial
duguyuan,WSDMSocial
trovdimi,WSDMSocial
itsPikakshi,WSDMSocial
ali_h_vahid,WSDMSocial
sharma_ashish_2,WSDMSocial
dnawasari,WSDMSocial
dawnieando,WSDMSocial
ialuronico,WSDMSocial
miguelmalvarez,WSDMSocial
miguelmalvarez,WSDMSocial
nadavgolbandi,WSDMSocial
ams_ds,WSDMSocial
siva2chinni,Thom_Wolf
yuvaforu84,Thom_Wolf
scixam,Thom_Wolf
kane_tomelf,Thom_Wolf
LeoApolonio,Thom_Wolf
epuujee,Thom_Wolf
SThanombun,Thom_Wolf
python4living,Thom_Wolf
heidilundsgaard,Thom_Wolf
jbagnato,Thom_Wolf
koriavinash001,Thom_Wolf
Tn23008624,Thom_Wolf
sangheon_han,Thom_Wolf
leslyarun,Thom_Wolf
Khaki0102624,Thom_Wolf
1957e2,Thom_Wolf
pierre_guillou,Thom_Wolf
Quanguet,Thom_Wolf
ChengJunWang,Thom_Wolf
r_jesuraj,Thom_Wolf
ivan__bits,Thom_Wolf
KranthiGV,Thom_Wolf
canudomc,Thom_Wolf
dr_levan,Thom_Wolf
therealquantran,Thom_Wolf
Pythonista1,Thom_Wolf
kevinz301,Thom_Wolf
hendyfergus,Thom_Wolf
paulomannjr,Thom_Wolf
MasoudCharkhabi,Thom_Wolf
techbro_partII,Thom_Wolf
npinto,Thom_Wolf
elasticjava,Thom_Wolf
lespacedunmatin,TheWebConf
k_triquet,TheWebConf
dawnieando,TheWebConf
tchambers,TheWebConf
m1nhhanh,TheWebConf
Arghiv,TheWebConf
biblioveri,TheWebConf
atomgraphhq,TheWebConf
M1l0u,TheWebConf
fukutax,TheWebConf
fabien_gandon,TheWebConf
NeriNathalie,TheWebConf
RaphaelPin1,TheWebConf
lessalins,TheWebConf
escalenumerik,TheWebConf
TheodoraPetkova,TheWebConf
micbuffa,TheWebConf
micbuffa,TheWebConf
vrandezo,TheWebConf
strpeters,TheWebConf
Juberliet,TheWebConf
Peerus,TheWebConf
rcccym,TheWebConf
dirkahlers,TheWebConf
CharlesVardeman,TheWebConf
PolarBearby,TheWebConf
CivicUnam,TheWebConf
vagnerdiniz,TheWebConf
ImageSnippets,TheWebConf
BernHyland,TheWebConf
rcccym,TheWebConf
virtualdz,TheWebConf
webaudiomodules,TheWebConf
Salem06,TheWebConf
Arghiv,TheWebConf
locweb,TheWebConf
inria_sophia,TheWebConf
AmelieGyrard,TheWebConf
FdS_Lyon1,TheWebConf
RaphaelPin1,TheWebConf
maureen_stokan,TheWebConf
alexvespi,TheWebConf
antoine_grgs,TheWebConf
maulikkamdar,TheWebConf
Harsh9t,TheWebConf
rollwaveplanner,TheWebConf
acreglier,TheWebConf
Coexiscience,TheWebConf
MariaPovedaV,TheWebConf
giselle_zeno,TheWebConf
HI_in_KSA,TheWebConf
eglu81,TheWebConf
RaphaelPin1,TheWebConf
amil310,TheWebConf
BuildeusesLyon,TheWebConf
jpberthet,TheWebConf
EpitechLyon,TheWebConf
dkowald1,TheWebConf
xLeitix,TheWebConf
AxelPolleres,TheWebConf
janemorgan62,TheWebConf
AldoLipani,TheWebConf
srikanta,TheWebConf
phdahmad,TheWebConf
popaylove,TheWebConf
arturtorvergata,TheWebConf
srikanta,TheWebConf
gdm3000,TheWebConf
NomotoMasako,SIGIRConf
SrishtiPalani,SIGIRConf
pcastells,SIGIRConf
joemonj,SIGIRConf
NomotoMasako,SIGIRConf
pcastells,SIGIRConf
NomotoMasako,SIGIRConf
TommasoDiNoia,SIGIRConf
pcastells,SIGIRConf
abellogin,SIGIRConf
pcastells,SIGIRConf
dinomirMT,SIGIRConf
BantamCityGames,SIGIRConf
joho_hideo,SIGIRConf
pates_richard,SIGIRConf
EsauVT,SIGIRConf
SrishtiPalani,SIGIRConf
abellogin,SIGIRConf
rmit_cidda,SIGIRConf
bo_wangbo,SIGIRConf
Long_Phil_Xia,SIGIRConf
twitoogle,SIGIRConf
djoerd,SIGIRConf
frrncl,SIGIRConf
albondarenko2,SIGIRConf
arelmadany,SIGIRConf
joho_hideo,SIGIRConf
NomotoMasako,SIGIRConf
cpjku,SIGIRConf
sz_dr,SIGIRConf
abellogin,SIGIRConf
pcastells,SIGIRConf
SIGIRConf,SIGIRConf
ACM_CHIIR,SIGIRConf
SIGIRConf,SIGIRConf
CharlotteHase,SIGIRConf
TylersNetwork,SIGIRConf
OMAwoleye,SIGIRConf
SIGIRForum,SIGIRConf
AixinSG,SIGIRConf
djoerd,SIGIRConf
hideo_joho,SIGIRConf
guidozuc,SIGIRConf
SIGIRConf,SIGIRConf
arpieb,SIGIRConf
arjenpdevries,SIGIRConf
flpiroi,SIGIRConf
pcastells,SIGIRConf
shawnmjones,SIGIRConf
AixinSG,SIGIRConf
Long_Phil_Xia,SIGIRConf
shawnmjones,SIGIRConf
mwu2005,SIGIRConf
iFromm,SIGIRConf
zehao_l,SIGIRConf
ntonellotto,SIGIRConf
pcastells,SIGIRConf
vanessa_murdock,SIGIRConf
SIGIRConf,SIGIRConf
pcastells,SIGIRConf
SIGIRConf,SIGIRConf
miguelmalvarez,SIGIRConf
Csisc1994,SIGIRConf
Csisc1994,SIGIRConf
pcastells,SIGIRConf
OlegZendel,SIGIRConf
maojiaxin,SIGIRConf
frrncl,SIGIRConf
krisztianbalog,SIGIRConf
EmilianaMurgia,SIGIRConf
PIReTship,SIGIRConf
pcastells,SIGIRConf
Csisc1994,SIGIRConf
pcastells,SIGIRConf
jgmorenof,SIGIRConf
pcastells,SIGIRConf
davelewisdotir,SIGIRConf
pcastells,SIGIRConf
pcastells,SIGIRConf
pcastells,SIGIRConf
sigir_students,SIGIRConf
pcastells,SIGIRConf
UjLaw,SIGIRConf
ACM_CHIIR,SIGIRConf
Quanteek,RealAAAI
RKamoi,RealAAAI
rosmith11,RealAAAI
antoniolieto,RealAAAI
trendsinAI,RealAAAI
williamstome,RealAAAI
VVagias,RealAAAI
AIHealthMIT,RealAAAI
BantamCityGames,RealAAAI
MonaSmitte,RealAAAI
erinleetweets,RealAAAI
dmonett,RealAAAI
supriya_gdptl,RealAAAI
adncpd,RealAAAI
Zack_Elbazi,RealAAAI
craigss,RealAAAI
PanFrater,RealAAAI
PooyanFazli,RealAAAI
j_h_kim,RealAAAI
MikeNelson,RealAAAI
mhenduccen,RealAAAI
yolandagil,RealAAAI
RichGranger,RealAAAI
jcchinhui,RealAAAI
hubofml,RealAAAI
GrandpaRobot,RealAAAI
Montreal_IA,RealAAAI
ibrahimabdelazz,RealAAAI
swarnasras,RealAAAI
acmeducation,RealAAAI
acm_sigai,RealAAAI
godfrey_G_,RealAAAI
DiverseInAI,RealAAAI
Newcolour78,RealAAAI
sha2br,RealAAAI
joeboutte,RealAAAI
SalimehYs,RealAAAI
mhenduccen,RealAAAI
LCiampiconi,RealAAAI
banazir,RealAAAI
RigResearch,RealAAAI
yossioren,RealAAAI
kobi_gal,RealAAAI
AlisonBLowndes,RealAAAI
VaibhavUnhelkar,RealAAAI
Yujie_Qian,RealAAAI
MorganClaypool,RealAAAI
calvin_zcx,RealAAAI
NilayShri,RealAAAI
filipesaraiva,RealAAAI
batate,RealAAAI
FinkeHarkonen,RealAAAI
DeakinA2I2,RealAAAI
TheDJZiegler,RealAAAI
MilindTambe_AI,RealAAAI
profe_hanna,RealAAAI
alexiatoumpa,RealAAAI
shigerufujita,RealAAAI
fukutax,RealAAAI
patdiaz,RealAAAI
BrettIsraelsen,RealAAAI
EarthCube,RealAAAI
laroyo,RealAAAI
dmonett,RealAAAI
AGISI_ORG,RealAAAI
RamonVillasante,RealAAAI
UlrichJunker,RealAAAI
RubenEVillegas,ICCV_2021
gelly_patrick,ICCV_2021
ElisaRi34560608,ICCV_2021
VincentJingLi,ICCV_2021
VisualAILab,ICCV_2021
ghhosh,ICCV_2021
kul_stephen,ICCV_2021
heghbalz,ICCV_2021
HilmiAditya_,ICCV_2021
job_santana,ICCV_2021
SanghyukChun,ICCV_2021
akshitac8,ICCV_2021
alidabouei,ICCV_2021
iN1k1,ICCV_2021
HilmiAditya_,ICCV_2021
THassner,ICCV_2021
ChristosKyrkou,ICCV_2021
KhosravanNaji,ICCV_2021
DeepLearningCor,ICCV_2021
juliantogray,ICCV_2021
dasayan05,ICCV_2021
CVPRConf,ICCV_2021
Courtney_FRL,ICCV_2021
CVPRConf,ICCV_2021
YBoodman,ICCV_2021
ArtDeza,ICCV_2021
THassner,ICCV_2021
jflalondeqc,ICCV_2021
AlbertBoyangLi,ICCV_2021
SAhmad_PK,ICCV_2021
cgmsnoek,ICCV_2021
ABsikdar,ICCV_2021
momiji_fullmoon,ICCV_2021
CSProfKGD,ICCV_2021
alidamo_han,ICCV_2021
jan_gemert,ICCV_2021
adn_twitts,ICCV_2021
cgmsnoek,ICCV_2021
akshitac8,ICCV_2021
digitalhealthxx,ICCV_2021
cgmsnoek,ICCV_2021
cgmsnoek,ICCV_2021
cgmsnoek,ICCV_2021
cgmsnoek,ICCV_2021
cgmsnoek,ICCV_2021
dantkz,ICCV_2021
cgmsnoek,ICCV_2021
THassner,ICCV_2021
dimadamen,ICCV_2021
QrowdProject,ECMLPKDD
SarahKrebs,ECMLPKDD
JRussellPhD,ECMLPKDD
vibbioinfocore,ECMLPKDD
deathdater,ECMLPKDD
jlijffijt,ECMLPKDD
Fatemehsrz4,ECMLPKDD
karl_tuyls,ECMLPKDD
ML_Tweet_Bot,ECMLPKDD
RalfKlinkenberg,ECMLPKDD
KatharinaJutta,ECMLPKDD
roysoumya1,ECMLPKDD
hubofml,ECMLPKDD
IDABrunel,ECMLPKDD
Korwisi,ECMLPKDD
tetraduzione,ECMLPKDD
jcchinhui,ECMLPKDD
IPDLN,ECMLPKDD
esha_shandilya,ECMLPKDD
francesca2212,ECMLPKDD
HomayunAfra,ECMLPKDD
orilong,ECMLPKDD
RalfKlinkenberg,ECMLPKDD
chrshmmmr,ECMLPKDD
TheShahrozTariq,ECMLPKDD
LawInfluencer,ECMLPKDD
KatharinaJutta,ECMLPKDD
Pseudomanifold,ECMLPKDD
GiulioRossetti,ECMLPKDD
nicola_barbieri,ECMLPKDD
DAMI_Social,ECMLPKDD
MLJ_Social,ECMLPKDD
_KINRW,ECMLPKDD
RalfKlinkenberg,ECMLPKDD
dakottke,ECMLPKDD
IDABrunel,ECMLPKDD
ML_Tweet_Bot,ECMLPKDD
hubofml,ECMLPKDD
KatharinaJutta,ECMLPKDD
arthur3131,ECMLPKDD
EdwardACurry,ECMLPKDD
Lmalongo2,ECMLPKDD
saby_tweets,ECMLPKDD
TijlDeBie,ECMLPKDD
Lmalongo2,ECMLPKDD
KatharinaJutta,ECMLPKDD
HIIT,ECMLPKDD
rozboris,ECMLPKDD
hubofml,ECMLPKDD
ML_Tweet_Bot,ECMLPKDD
kerstingAIML,ECMLPKDD
KatharinaJutta,ECMLPKDD
prathyushspeaks,ECMLPKDD
martin_trapp,ECMLPKDD
M_Ghass,ECMLPKDD
HamidZafart,ECMLPKDD
EdwardACurry,ECMLPKDD
TrustDeepLearn,ECMLPKDD
KatharinaJutta,ECMLPKDD
twomeynj,ECMLPKDD
nicola_barbieri,ECMLPKDD
mkletri,ECMLPKDD
PanPapapetrou,ECMLPKDD
SouravDutta91,ECMLPKDD
QrowdProject,ECMLPKDD
liconoc,ECMLPKDD
heerme,ECMLPKDD
KatharinaJutta,ECMLPKDD
francesca2212,ECMLPKDD
TabmoLabs,ECMLPKDD
heghbalz,ECMLPKDD
rupensa,ECMLPKDD
SouravDutta91,ECMLPKDD
evitamonal,ECMLPKDD
KatharinaJutta,ECMLPKDD
vedax,ECMLPKDD
ch4rlus,ECMLPKDD
abhee_agrawal,ECMLPKDD
heerme,ECMLPKDD
kerstingAIML,ECMLPKDD
IDABrunel,ECMLPKDD
RalfKlinkenberg,ECMLPKDD
WSSC_UPF,ECMLPKDD
KatharinaJutta,ECMLPKDD
hubofml,ECMLPKDD
KatharinaJutta,ECMLPKDD
IDABrunel,ECMLPKDD
arthur3131,ECMLPKDD
heerme,ECMLPKDD
abifet,ECMLPKDD
ntzio,ECMLPKDD
KatharinaJutta,ECMLPKDD
arthur3131,ECMLPKDD
Averbis,ECMLPKDD
ntzio,ECMLPKDD
CecileCapponi,ECMLPKDD
evitamonal,ECMLPKDD
dahlemd,ECMLPKDD
Ellen_Rushe,ECMLPKDD
fpinell80,ECMLPKDD
vojnovski,ECMLPKDD
jhollmen,ECMLPKDD
Yquetzal,ECMLPKDD
GiulioRossetti,ECMLPKDD
theujjwal9,CVPR
AishaUroojKhan,CVPR
dahyunscientist,CVPR
_prasunroy,CVPR
iamkitlobe,CVPR
DiverseInAI,CVPR
burhr2,CVPR
D4ive,CVPR
charlescadieu,CVPR
xinti900,CVPR
RahelJhirad,CVPR
lyc84181,CVPR
thanhmvu,CVPR
ghhosh,CVPR
Shidilrzf,CVPR
c_richardt,CVPR
GRAMUAH,CVPR
dlarlus,CVPR
DrJimFan,CVPR
DatHuynh13,CVPR
ICCV_2021,CVPR
EldarSilver,CVPR
mamii0718,CVPR
markcheung,CVPR
sidrahliaqat,CVPR
dgueraco,CVPR
GGedus,CVPR
azadef,CVPR
KWVIS,CVPR
gocomvis,CVPR
csgreenwell,CVPR
SaleTawfiq,CVPR
zeffybamrah,CVPR
dave_co_dev,CVPR
PengDai_ca,CVPR
deeptigp,CVPR
TedPavlic,CVPR
Yezhou_Yang,CVPR
Attah_Kay_,CVPR
ChennuriPrateek,CVPR
shalinda99,CVPR
subham_st,CVPR
miguel_algaba,CVPR
lambertoballan,CVPR
realfabs,CVPR
Vezhnick,CVPR
drscotthawley,CVPR
hugo_larochelle,CVPR
subhobrata1,CVPR
MajiSubhransu,CVPR
ja_schnabel,CVPR
samarth_robo,CVPR
burhr2,CVPR
louiqaraschid,CIKM2021
think24menot,CIKM2021
airamoigroig,CIKM2021
preslav_nakov,CIKM2021
eglu81,CIKM2021
frrncl,CIKM2021
r_maya,CIKM2021
think24menot,CIKM2021
guidozuc,CIKM2021
r_maya,CIKM2021
guidozuc,CIKM2021
ahsmourad,CIKM2021
guidozuc,CIKM2021
guidozuc,CIKM2021
guidozuc,CIKM2021
mihailupunet,ACMSIGIR
vanessa_murdock,ACMSIGIR
eva_zangerle,ACMSIGIR
JeroenTalks,ACMSIGIR
pcastells,ACMSIGIR
dinomirMT,ACMSIGIR
abellogin,ACMSIGIR
fhasibi,ACMSIGIR
_ConferenceList,ACMSIGIR
BrazierPhD,ACMSIGIR
mart1nkle1n,ACMSIGIR
laroyo,ACMSIGIR
abellogin,ACMSIGIR
mounialalmas,ACMSIGIR
AlbertsChatter,ACMSIGIR
abellogin,ACMSIGIR
jkamps,ACMSIGIR
guidozuc,ACMSIGIR
NutLims,ACMSIGIR
varphi,ACMSIGIR
maliannejadi,ACMSIGIR
HamedZamani,ACMSIGIR
iFromm,ACMSIGIR
BenCarterette,ACMSIGIR
cpdiku,ACMSIGIR
leifos,ACMSIGIR
mdekstrand,ACMSIGIR
SIGIRForum,ACMSIGIR
TirthankarSlg,ACMSIGIR
ai_nlp_ml_iitp,ACMSIGIR
sankepallyr,ACMSIGIR
HamedZamani,ACMSIGIR
cyby,ACMSIGIR
tetsuyasakai,ACMSIGIR
frrncl,ACMSIGIR
WomenInIR,ACMSIGIR
m__dehghani,ACMSIGIR
Ismail_badache,ACMSIGIR
TerrierTeam,ACMSIGIR
mounialalmas,ACMSIGIR
abellogin,ACMSIGIR
mounialalmas,ACMSIGIR
guidozuc,ACMSIGIR
ali_h_vahid,ACMSIGIR
cpdiku,ACMSIGIR
mounialalmas,ACMSIGIR
abellogin,ACMSIGIR
guidozuc,ACMSIGIR
abellogin,ACMSIGIR
mounialalmas,ACMSIGIR
leifos,ACMSIGIR
metzlerd,ACMSIGIR
abellogin,ACMSIGIR
guidozuc,ACMSIGIR
ali_h_vahid,ACMSIGIR
bevan_koopman,ACMSIGIR
arpieb,ACMSIGIR
guidozuc,ACMSIGIR
HamedZamani,ACMSIGIR
HamedZamani,ACMSIGIR
guidozuc,ACMSIGIR
guidozuc,ACMSIGIR
guidozuc,ACMSIGIR
ACM_SIGWEB,ACMRecSys
timgollins,ACMRecSys
pelayoarbues,ACMRecSys
saifnoorprottoy,ACMRecSys
agvsmontero,ACMRecSys
almightyData,ACMRecSys
AiInput,ACMRecSys
kimfalk,ACMRecSys
DiverseInAI,ACMRecSys
saurabhd04,ACMRecSys
eva_zangerle,ACMRecSys
navatintarev,ACMRecSys
kstate_bigdata,ACMRecSys
chrshmmmr,ACMRecSys
jfgras,ACMRecSys
PolarBearby,ACMRecSys
zr_4,ACMRecSys
srahmanidashti,ACMRecSys
alexk_z,ACMRecSys
XZPwEDVhHH37i3C,ACMRecSys
AmanoGinjiGo,ACMRecSys
Lynyus,ACMRecSys
mdekstrand,ACMRecSys
RoelandOrdelman,ACMRecSys
eprosenthal,ACMRecSys
karlhigley,ACMRecSys
djkram,ACMRecSys
abellogin,ACMRecSys
abellogin,ACMRecSys
fjfbupt,ACMRecSys
elisab79,ACMRecSys
taoyeah,ACMRecSys
scinoise,ACMRecSys
StudentGu,ACMRecSys
Agelesschronicl,ACMRecSys
peterpaws,ACMRecSys
julia_kiseleva,ACMRecSys
usabart,ACMRecSys
minceamie,ACMRecSys
shobeirf,ACMRecSys
sandrewge,ACMRecSys
jkonstan,ACMRecSys
RecSysIndia,ACMRecSys
orsum_ws,ACMRecSys
cseminar2011,ACMRecSys
LinasTw,ACMRecSys
crmpla67,ACMRecSys
srahmanidashti,ACMRecSys
cweichen,ACMRecSys
McWillemsen,ACMRecSys
maponaso,ACMRecSys
FTHopf,ACMRecSys
diegogaleano05,ACMRecSys
Agelesschronicl,ACMRecSys
noiano,ACMRecSys
ak07,ACMRecSys
jvrmaia,ACMRecSys
victorcodina,ACMRecSys
Bemougoula2,ACMRecSys
EdikMazhukin,ACMRecSys
icantador,ACMRecSys
McWillemsen,ACMRecSys
robipalo,ACMRecSys
eliethesaiyan,ACMRecSys
BkIT_Hieu,ACMRecSys
trustswz,ACMRecSys
filipebraida,ACMRecSys
cataldomusto,ACMRecSys
iFromm,ACMRecSys
private_rex,ACMRecSys
EdwardRaffML,ACMRecSys
abellogin,ACMRecSys
ayirpelle,ACMRecSys
abellogin,ACMRecSys
EmifatiZebua1,ACMRecSys
ercan_ezin,ACMRecSys
DrqYuto,ACMRecSys
dkowald1,ACMRecSys
neal_lathia,ACMRecSys
SoudeFazeli,ACMRecSys
taoyeah,ACMRecSys
dawnieando,ACMRecSys
blueviggen,ACMRecSys
pranav_kundra,ACMRecSys
SGdatasc,ACMRecSys
McWillemsen,ACMRecSys
RecSys_c,ACMRecSys
pcastells,ACMRecSys
lbalby,ACMRecSys
PhDiSchoolSU,ACMRecSys
SF_BayArea_ACM,ACMRecSys
