source,target
1957e2,SpecterOps
25_4oz,CisNyakundi
25_4oz,AKUHNairobi
25_4oz,NinaSerafina
25_4oz,mshillyfilly
30xcodes,sip_tea_and_sew
30xcodes,Hackveda
30xcodes,AllFreeCourse
30xcodes,AllFreeCourse
30xcodes,Hackveda
3aliahamwi,dair_ai
3aliahamwi,IWAN_RG
3aliahamwi,mellymeldubs
3aliahamwi,tttthomasssss
9ncM9v2R,GordPennycook
9ncM9v2R,karlhigley
9ncM9v2R,ChristophMolnar
9ncM9v2R,the_antlr_guy
9ncM9v2R,MatthewTeschke
abellogin,denisparra
abellogin,alansaid
abellogin,SIGIRConf
abhee_agrawal,ZeeNewsEnglish
abhee_agrawal,RahulGandhi
abhee_agrawal,Aarzaai_Ishq
abhee_agrawal,MumbaiPolice
abhee_agrawal,GuptaR_la
abifet,stephenharlow
abifet,profwinikoff
abifet,fracpete
abifet,DAMI_Social
ABsikdar,POTUS
ABsikdar,SenSanders
ABsikdar,ICCV_2021
ABsikdar,PlayStation
ac7ionabl3,NatGeo
achillar2,codinghorror
achillar2,radyajohnston
achillar2,TheMysteryDrop
acmeducation,TheOfficialACM
acmeducation,SIGHPC
acmeducation,CACMmag
acmeducation,acmmmsys
acmeducation,CACMmag
acmwsrm,omarsar0
acmwsrm,YakshChopra
ACM_CHIIR,iFromm
ACM_CHIIR,christine_bauer
ACM_CHIIR,SIGIRForum
ACM_CHIIR,JTrippas
acm_sigai,EmanuelleBurton
acm_sigai,acm_sigai
acm_sigai,acm_sigai
ACM_SIGWEB,WebSciConf
ACM_SIGWEB,UMAPconf
ACM_SIGWEB,ACMHT
ACM_SIGWEB,WebSciConf
ACM_SIGWEB,ACMHT
aCraigPfeifer,jobergum
aCraigPfeifer,kylegriffin1
acreglier,4LDigital
acreglier,Urban_Linker
acrossbook,acrossbook
acrossbook,usual_wright
adn_twitts,yeewhye
adn_twitts,wellingmax
adn_twitts,thegautamkamath
adn_twitts,tomgoldsteincs
adn_twitts,khipunkcl
adssidhu86,jha_raghbendra
adssidhu86,katherinecodes
adssidhu86,v8js
adssidhu86,yoavgo
Agelesschronicl,j2bryson
Agelesschronicl,ponguru
AGISI_ORG,dmonett
AGISI_ORG,dmonett
AGISI_ORG,rjhaier
AGISI_ORG,Smerity
agvsmontero,LongFormMath
agvsmontero,quaesita
agvsmontero,Mythsas
agvsmontero,OptitSrl
aha_momentum,UriCohen42
aha_momentum,FifiLovesTrees
aha_momentum,theHessam
aha_momentum,TBBake
ahsmourad,IELabGroup
ahsmourad,IELabGroup
AIexLaurence,GoogleCola
AIexLaurence,prokraustinator
AiInput,ACMRecSys
AiInput,zhao_yikai
AiInput,OriolVinyalsML
AiInput,icoxfog417
AiInput,dakuton
aiplusunilag,lola_spending
aiplusunilag,gp_pulipaka
aiplusunilag,gp_pulipaka
aiplusunilag,DSNLearnathome
aiplusunilag,LeadershipData
airamoigroig,robtibshirani
airamoigroig,FairTerminology
airamoigroig,CIKM2021
airamoigroig,RodolfoMaslias
airamoigroig,paperswithcode
AishaUroojKhan,jeanpaul_phd
AishaUroojKhan,hapyresearchers
AishaUroojKhan,AcademicChatter
AishaUroojKhan,DrSeaBove
AishaUroojKhan,AcademicChatter
AixinSG,kchonyc
AixinSG,EhudReiter
ai_nlp_ml_iitp,ElitrOrg
ai_nlp_ml_iitp,TirthankarSlg
ai_nlp_ml_iitp,TirthankarSlg
ai_nlp_ml_iitp,TirthankarSlg
ai_nlp_ml_iitp,SDProc
ajeyatj,TIME
ajeyatj,greenroomtalk
ajeyatj,dineshgrao
ak07,KimberlyBold
ak07,jonlis1
ak07,KeithFr5693
ak07,hschhaya
akshitac8,facebookai
akshitac8,arankomatsuzaki
akshitac8,igflywth
akshitac8,lucyrchai
akshitac8,ak92501
alanyliu,SIGCIS
AlbertBoyangLi,MelMitchell1
AlbertBoyangLi,ICCV_2021
AlbertBoyangLi,ethancaballero
AlbertBoyangLi,TuhinChakr
AlbertBoyangLi,thesisreview
AlbertsChatter,maziehirono
AlbertsChatter,FLOTUS
AlbertsChatter,POTUS
AlbertsChatter,VP
AlbertsChatter,CAgovernor
albondarenko2,IRanthology
albondarenko2,yufanghou
albondarenko2,webis_de
albondarenko2,2021Ecir
albondarenko2,2021Ecir
AldoLipani,C_Schillaci
AldoLipani,CIKM2021
AldoLipani,CIKM2021
AldoLipani,krisztianbalog
AldoLipani,shalinikantayya
alexiatoumpa,RealAAAI
alexiatoumpa,SergeyI49013776
alexiatoumpa,facebookai
alexk_z,GoogleAI
alexk_z,ikostrikov
alexk_z,svlevine
alexk_z,AleksandraFaust
alexk_z,jackclarkSF
AlexMurzaku,OwenRambow
AlexMurzaku,MariuzzoAndrea
AlexMurzaku,XOsueecs
alexvespi,CDCgov
alidabouei,TheGradient
alidabouei,ICCV_2021
alidabouei,MShahrad
alidamo_han,ICCV_2021
AlisonBLowndes,NASAJPL
AlisonBLowndes,radneuberg
AlisonBLowndes,scottpenberthy
ali_h_vahid,paperswithcode
ali_h_vahid,JeffDean
almightyData,MatthijsBrs
altrealist,neural_machine
altrealist,elonmusk
AmanoGinjiGo,peterpaws
AmanoGinjiGo,ACMRecSys
AmanoGinjiGo,ACMRecSys
AmanoGinjiGo,ACMRecSys
AmanoGinjiGo,ACMRecSys
AmelieGyrard,AI4EU
AmelieGyrard,InterConnectPrj
AmelieGyrard,Trialog_SA
AmelieGyrard,Trialog_SA
AmelieGyrard,ResearchEclipse
ameliovr,GoogleAI
ameliovr,randondamos
ameliovr,DeepMind
ameliovr,GoogleAI
amil310,Calimaq
amil310,laquadrature
amil310,ClaireBrossaud
amil310,Thelonious_Moon
amil310,RIntellectica
amirie,tomgoldsteincs
amirie,cheraghchi
ams_ds,HumaneAI2
ams_ds,uva_dsc
AngelJSalazar,ingliguori
AngelJSalazar,dataworkout
AngelJSalazar,FrenchTechLON
AngelJSalazar,SpaceX
AnglistikaFFUL,Essenglish
anhkeen,jure
anhkeen,shobeirf
anhkeen,engoertzel
anhkeen,dennybritz
annejonas,LuGuangMing
annejonas,copsoffearth
annejonas,_vicne
annejonas,CopsOffUCB
antoniolieto,diunito
antoniolieto,CognitiveFor
antoniolieto,CognitiveFor
antoniolieto,CognitiveFor
anvesh_4,malpani
anvesh_4,malpani
anvesh_4,malpani
anvesh_4,jimmy_dore
anvesh_4,BalakrishnanR
ApproximateJoe,chopraftc
ApproximateJoe,wb_thorne
ApproximateJoe,open_sketchbook
ApproximateJoe,ewarren
ApproximateJoe,Zerochan
arelmadany,Nils_Reimers
arelmadany,jure
arelmadany,CanadianPM
arelmadany,GuggerSylvain
arelmadany,Walid_Magdy
arjenpdevries,CorinneEllemeet
ArjumandYounus,rasmansa
ArjumandYounus,kchonyc
ArjumandYounus,ShamimMalekmian
arkaitz,evoluchico
arkaitz,fmerhout
arkaitz,AbusiveLangWS
arkaitz,jure
arkaitz,XiaZeng2
arpie,TheErlef
arpie,pragprog
arpie,BrettWujek
arpie,DuckDuckGo
arpie,DuckDuckGo
Arsalanvossough,abhi1thakur
Arsalanvossough,huggingface
Arsalanvossough,svpino
ArtDeza,wellingmax
ArtDeza,danilobzdok
ArtDeza,OdedRechavi
ArtDeza,spandan_madan
ArtDeza,KamilaJozwik
arth573,indureddy
arth573,abhi1thakur
arth573,facebookai
arth573,chamath
arth573,chipro
arthur3131,fotisja
arthur3131,siddharthb_
arthur3131,wueww
arthur3131,arankomatsuzaki
arthur3131,HStuckenschmidt
arturtorvergata,iblioveri
arturtorvergata,AIL_Onlus
arturtorvergata,premiomorrione
arturtorvergata,fanpage
arunkumar_bvr,elonmusk
arunkumar_bvr,paulg
arunkumar_bvr,lexfridman
arunkumar_bvr,EricTopol
arunkumar_bvr,techreview
ashishlogmaster,Quicktake
ashishlogmaster,halvarflake
ashishlogmaster,jhaskinscabrera
asifrazzaq1988,AbdulQavii
asifrazzaq1988,asifrazzaq1988
atomgraphhq,BBNTimes_en
atomgraphhq,KGConference
atomgraphhq,NEHgov
atomgraphhq,AmazonScience
AtoyebiAbidemi3,Marcinho22souzA
AtoyebiAbidemi3,spectatorindex
AtoyebiAbidemi3,michael_saylor
AtoyebiAbidemi3,gucci1017
Attah_Kay_,ak92501
Attah_Kay_,quantombone
Attah_Kay_,junyanz89
Attah_Kay_,jbhuang0604
Attah_Kay_,ZhidingYu
AtulPat24952990,facebookai
AtulPat24952990,Ronald_vanLoon
AtulPat24952990,arankomatsuzaki
AtulPat24952990,facebookai
AtulPat24952990,TerenceLeungSF
AuntMinnie,RMilesMD
Averbis,TriNetX
AxelPolleres,vclaTUwien
AxelPolleres,TheWebConf
AxelPolleres,BrigitteLutz
ayirpelle,trengriffin
ayirpelle,Snubs
ayirpelle,FreeBSDHelp
ayirpelle,vijaypande
ayirpelle,jbeda
azadef,labonnela
azadef,DeepMind
azadef,jim_dowling
azadef,cfiesler
Azarkhalili,imridhasankar
Azarkhalili,imridhasankar
Azarkhalili,imridhasankar
Azarkhalili,pycoders
Azarkhalili,mltooling
AzureRose4,SkyNews
a_e_lang,quinnanya
a_e_lang,BeattieDr
a_e_lang,Post_45
a_e_lang,catchatweetdown
BackDoo94,IvsLu
BackDoo94,GolosAmeriki
BackDoo94,the_ins_ru
alde_ahmed,BarryOuu
anazir,umangsbhatt
anazir,mmitchell_ai
anazir,openmicmedia
anazir,DiverseInAI
BantamCityGames,futurism
atate,AstroMCollins
atate,GretaThunberg
atate,Cmdr_Hadfield
atate,julianrademeyer
azile,egavves
azile,ak92501
azile,haltakov
azile,RFlamary
azile,alajiln
ecauselangpod,janesolomon
ecauselangpod,ArrantPedantry
Bemougoula2,zaidacastillo51
Bemougoula2,SSanfederico
Bemougoula2,zaidacastillo51
Bemougoula2,ThomGambino
Bemougoula2,token386
eramMusa,seb_ruder
eramMusa,eugeneyan
eramMusa,EMBLEBIjobs
eramMusa,hen_str
eramMusa,GoogleAI
BerkeleyDataSci,TheHDSR
BerkeleyISchool,BerkeleyISchool
BerkeleyISchool,UCBerkeleyLi
BerkeleyISchool,swmstn2
Berkeley_EECS,sm313
Berkeley_EECS,TheHouseVC
Berkeley_EECS,ShadajL
Berkeley_EECS,BerkeleyITS
Berkeley_EECS,FakePaperclips
BernHyland,COVID_Australia
BernHyland,TeHiku
BernHyland,POTUS
erty38,tomgoldsteincs
evan_koopman,randal_olson
exxmodd,StavrosKyriazis
exxmodd,AI71028806
exxmodd,flow_blockchain
exxmodd,IainLJBrown
exxmodd,IvanOnTech
ill_slawski,RexChapman
ill_slawski,MitaliPerkins
ill_slawski,Ammon_Johns
ill_slawski,MontseCano
ill_slawski,carlhendy
keegan,jeanburgess
keegan,dataandpolitics
keegan,dangillmor
BkIT_Hieu,ACMRecSys
BkIT_Hieu,POTUS
BlkHwk0ps,gp_pulipaka
BlkHwk0ps,arjenvanberkum
BlkHwk0ps,AI_PlainEnglish
BlkHwk0ps,Bukmedianet1
BlkHwk0ps,yLilyV
lueviggen,HamedZamani
lueviggen,hardmaru
lueviggen,kubernetesio
lueviggen,mmbronstein
lueviggen,TIME
ob_burrough,ob_burrough
ob_burrough,soshelleyduvall
ob_burrough,BrunoLevy01
ob_burrough,Mike_Seeley
odrell,GPIngersoll
BotRaj1,BenjaminP3ters
BotRaj1,E_Ehrari
BotRaj1,BenjaminP3ters
BotRaj1,CDWGWAGov
BotRaj1,sriramkumar563
o_wangbo,2021Ecir
o_wangbo,AndrewYNg
o_wangbo,ngrams
rain4ai,xataka
rain4ai,Sherpa_AI
rain4ai,AIMatesanz
rain4ai,MLHispano
BrazierPhD,LibraryGryphon
BreakThruRadio,DJRePete
BreakThruRadio,DJMEREDITHBTR
rendan642,leespector
BrettIsraelsen,NelsonRussellM
BrettIsraelsen,MittRomney
BrettIsraelsen,SurreyRoadCops
ridgetwhitlow,accountabletech
ridgetwhitlow,jack_turban
ridgetwhitlow,IntrovertDear
ridgetwhitlow,centralmarinpa
ryanroutledge,CyLa
ryanroutledge,HatforceSec
ryanroutledge,nc2y
ryanroutledge,EmojiMashupBot
BuildeusesLyon,SANDDELA
BuildeusesLyon,fc_univ
BuildeusesLyon,LaboELLIADD
BuildeusesLyon,FemmesNumerique
BuildeusesLyon,ArborusGeeis
ulicny,Reuters
ulicny,ChanceryProject
ulicny,ReutersPR
urhr2,jure
urhr2,omarsar0
urhr2,MarkazBukhari
urhr2,svpino
usuulwa_mark,JoinAlphaCodes
usuulwa_mark,WellPaidGeek
usuulwa_mark,GCICUganda
usuulwa_mark,eggheadio
usuulwa_mark,TheJackForge
C4OI748N,nekokawaii1012
calabi_and_yau,hardmaru
calabi_and_yau,stevenstrogatz
calabi_and_yau,matthen2
calabi_and_yau,QuantaMagazine
calabi_and_yau,facebookai
calvin_zcx,JAMA_current
calvin_zcx,JAMA_current
calvin_zcx,WAMNEWS_ENG
calvin_zcx,WCMEnglanderIPM
calvin_zcx,net_science
CandycaneBelle,SharkWeek
canudomc,mervatim
canudomc,cheraghchi
canudomc,soniafaleiro
canudomc,o_guest
canudomc,WriteThatPhD
CaoHancheng,evoluchico
CaoHancheng,tomgoldsteincs
CaoHancheng,ericneumannpsyc
captorofimages,TimesofIsrael
captorofimages,IsraelinIndia
cataldomusto,UMAPconf
cataldomusto,ExUM_workshop
cataldomusto,UMAPconf
cat_c_,doctorow
cat_c_,denstreete
cat_c_,edfundwest
cat_c_,Headspace
cat_c_,BerkeleyISchool
CBolibaugh,aeryn_thrace
CBolibaugh,GarNo
CBolibaugh,Mike_Page
cgmsnoek,UvA_Amsterdam
cgmsnoek,skamalas
cgmsnoek,ICCV_2021
cgmsnoek,ICCV_2021
ch4rlus,hugodegnd
ch4rlus,elclimo
ChabukaisixL,southamptondata
ChabukaisixL,southamptondata
ChabukaisixL,DameWendyDBE
ChabukaisixL,mleonurr
ChabukaisixL,ECSUoS
charlescadieu,AIHealthPodcast
charlescadieu,AIHealthPodcast
charlescadieu,CaptionHealth
charlescadieu,PierreEliasMD
charlescadieu,CaptionHealth
CharlesVardeman,rewster_kahle
CharlesVardeman,ontocommons
CharlesVardeman,mcourtot
CharlesVardeman,PetarV_93
CharlesVardeman,Hack4Nature
CharlotteHase,arbara_plank
CharlotteHase,PetarV_93
CharlotteHase,SIGIRConf
CharlotteHase,krisztianbalog
CharlotteHase,jure
cheers360,lendaai
cheers360,rabimishra
cheers360,mciarlo
ChengJunWang,YingdanL_kk
ChengJunWang,PHDcomics
ChengJunWang,pengyilang
ChengJunWang,chris_bail
ChennuriPrateek,CVPR
ChennuriPrateek,MattNiessner
ChennuriPrateek,normsu
ChennuriPrateek,cjanmay
ChennuriPrateek,ak92501
chiefaiofficers,Montreal_AI
chiefaiofficers,jackclarkSF
chiefaiofficers,Quebec_AI
chiefaiofficers,Montreal_AI
chiefaiofficers,Quebec_AI
ChrisPeikert,Redistrict
ChristosKyrkou,NVIDIAHPCDev
chrshmmmr,drjulie_
chrshmmmr,visevic
chrshmmmr,SabineNuss
chrshmmmr,GretaThunberg
chrshmmmr,gabriel_zucman
chumulu,chumulu
chumulu,chumulu
ChuQuocQuan1,EthicalML
ChuQuocQuan1,EthicalML
ChuQuocQuan1,omarsar0
ChuQuocQuan1,omarsar0
ChuQuocQuan1,omarsar0
cindyanguyen,ottomshelfbks
cindyanguyen,ottomshelfbks
ciro,evoluchico
ciro,demartin
ciro,vcolizza
ciro,mrk4m1
ciro,manlius84
CivicUnam,agnamihira
CivicUnam,math_rachel
CivicUnam,math_rachel
CivicUnam,TRF_Stories
CivicUnam,TRF_Stories
CLARINERIC,ERC_LiLa
CLARINERIC,mikko_tolonen
clured,Rainmaker1973
clured,akshaykagrawal
cmndln,jeremyphoward
cmndln,McKnightLab_UO
cmndln,Al_Grigor
cmndln,Al_Grigor
cmndln,GuggerSylvain
cnnjojo,OIEAnimalHealth
cnnjojo,BarryChocolate
cnnjojo,CCTVAsiaPacific
cnnjojo,CCTVAsiaPacific
cnnjojo,DaniSBassett
coastalcph,WikiResearch
coastalcph,mtoneva1
coastalcph,DIKU_Institut
coastalcph,arxiv_cscl
coastalcph,delliott
coderKshatriya,MIT_CSAIL
Coexiscience,ClaireBrossaud
Coexiscience,amil310
Coexiscience,ClaireBrossaud
Coexiscience,amil310
coffeycode,pmarca
coffeycode,Deep_In_Depth
coffeycode,seb_ruder
coffeycode,enedictevans
coffeycode,DeepMind
colochef,MohamedMMAhmed
colochef,MohamedMMAhmed
colochef,santisiri
colochef,dsaezgil
colochef,gmonce
Courtney_FRL,MZollhoefer
Courtney_FRL,flycooler
Courtney_FRL,AlexRichardCS
cpdiku,DrCh0le
cpdiku,iadh
cpdiku,acm_ictir
cpdiku,ACMRecSys
cpjku,rbrtwll
craigss,EyeOn_AI
craigss,Kent_Walker
crisis_ti,seb_ruder
crmpla67,ItalyatNATO
crmpla67,moviri
crmpla67,ACMRecSys
crmpla67,contentwisetv
crypto5o4,TheWiseRuler
cseminar2011,davidcshepherd
cseminar2011,ssahebi
cseminar2011,AcademicsSay
cseminar2011,amyjko
csgreenwell,rafaspadilha
csgreenwell,jon_bois
csgreenwell,jacobsn
csgreenwell,NASAPersevere
csgreenwell,KySportsRadio
Csisc1994,ProfFeynman
Csisc1994,Wikipedia
Csisc1994,Faiyla
Csisc1994,KhalilMrini
Csisc1994,lameensouag
CSProfKGD,rosorg
CSProfKGD,taiyasaki
CSProfKGD,ak92501
CSProfKGD,ruojin8
CSProfKGD,tomgoldsteincs
CVPRConf,CSProfKGD
CVPRConf,erichorvitz
CVPRConf,UBC_CS
CVPRConf,facebookai
CVPRConf,hardmaru
cweichen,SteveMartinToGo
cweichen,mignano
cweichen,mrcatacroquer
cyby,kasys_la
cyby,UNIV_TSUKUBA_JP
cyby,martinpotthast
c_richardt,natashajaques
c_richardt,CVMP
c_richardt,BathVisComp
c_richardt,xkcdComic
D4ive,schrep
D4ive,RMac18
D4ive,Scaleway
D4ive,TensorFlow
D4ive,LanceUlanoff
DabhiLevin,hardmaru
DabhiLevin,vopani
DabhiLevin,zoo_bear
DabhiLevin,creation247
DabhiLevin,shivon
dahlemd,seb_ruder
dahlemd,svlevine
dahlemd,DeepMind
dahlemd,janleike
dahlemd,omarsar0
dahyunscientist,JoeBiden
dahyunscientist,jmuiuc
dahyunscientist,ak92501
dahyunscientist,arxiv_cs_cv_pr
dahyunscientist,geoffreyhinton
daisy_qx_deng,huggingface
daisy_qx_deng,mistrrrmedia
dakottke,DigiGesSPD_FFM
dakottke,DigiGesSPD_FFM
dakottke,DigiGesSPD_FFM
dakottke,mrtopf
dakottke,DigiGesSPD_FFM
DAMI_Social,ruggieris
dangne99,arghya_dutta_
dangne99,therobotbrains
dangne99,slashML
dangne99,slashML
dangne99,ajayj_
danjamker,mightdropout
danschmidtke,dannymichel
dantkz,wolfejosh
dantkz,natashajaques
dantkz,ClimateBen
dantkz,ChefJags
dantkz,daphnekylee
dasayan05,cheeesio
DashBer28836525,CAJinSB
DashBer28836525,gardener_inc
DashBer28836525,DalithSteiger
DashBer28836525,SophiaLilly12
DashBer28836525,CAJinSB
data_fiend,j_w_baker
data_fiend,jaivirdi
data_fiend,joekrulder
Datenverlust,WHonekamp
Datenverlust,emelin_denis
Datenverlust,romanyam
DatHuynh13,jbhuang0604
DatHuynh13,sandwichmaker
DatHuynh13,jenheemstra
davelewisdotir,IBJIYONGI
davelewisdotir,NPR
davelewisdotir,tomgoldsteincs
dave_co_dev,hardmaru
dave_co_dev,xwang_lk
dave_co_dev,StanfordAIMI
dave_co_dev,C4COMPUTATION
dave_co_dev,huggingface
davidcarmel,WSDMSocial
davidcarmel,SIGIReCom
davidcarmel,4ester
davidcarmel,sigir2018
dccc_phd,PracheeAC
dccc_phd,MicroFlashFic
dccc_phd,cantabile
deathdater,elitedramascty
deathdater,_iC0dE
deathdater,Iqraqasim20
DeathPoseidon,dl_weekly
DeathPoseidon,StasBekman
DeathPoseidon,KirkDBorne
DeathPoseidon,svpino
DeathPoseidon,omarsar0
DeepHindsight,GoogleAI
DeepHindsight,denisyarats
DeepHindsight,omarsar0
DeepHindsight,GoogleAI
DeepHindsight,krish_
DeepLearningCor,xicutorres2021
DeepLearningCor,JordiTorresAI
DeepLearningCor,DataChaz
DeepLearningCor,machinelearnflx
DeepLearningCor,Radiology_AI
deeptigp,judyfhoffman
deeptigp,guptasachin25
deeptigp,fakeplasticabhi
dgueraco,purdueexponent
dgueraco,Dcastro1972
dgueraco,0xcase
dgueraco,flwenz
dgueraco,arunmallya
dhruvghulati,factmata
dhruvghulati,factmata
dhruvghulati,kevnsn
dhruvghulati,ecekt2
DH_FBK,RSprugnoli
DH_FBK,kiru
diegogaleano05,missjellinsky
diegogaleano05,acostasamu
diegogaleano05,JTLonsdale
DigitalesMaster,HDHispanicas
digitalhealthxx,NicoleKuderer
digitalhealthxx,CalHealthline
digitalhealthxx,iorxivpreprint
digitalhealthxx,ak92501
digitalhealthxx,janbeger
dimadamen,BristolUniEng
dimadamen,julienmairal
dimadamen,genekogan
dinomirMT,AaronToponce
dinomirMT,Cryptome_org
dinomirMT,nf3xn
dirkahlers,ithayla
dirkahlers,JFKuhnke
dirkahlers,JFKuhnke
dirkahlers,JFKuhnke
dirkahlers,Anaesthet1
DiscriminantBot,IainLJBrown
DiscriminantBot,InvestorIdeas
DiscriminantBot,IainLJBrown
DiscriminantBot,IainLJBrown
DiscriminantBot,IainLJBrown
DiverseInAI,joiningdots
DiverseInAI,OfficialIndiaAI
DiverseInAI,OfficialIndiaAI
DiverseInAI,lavanyaai
DiverseInAI,FindingAda
djkram,AlexHinojo
djkram,namonserda
djkram,prendrepartit
djkram,GPursals
djkram,SergiCastanye
djoerd,natashajaques
djoerd,ian_soboroff
djoerd,HarrieOos
djoerd,BenCarterette
djoerd,BenCarterette
dkowald1,NassimSo
dkowald1,himan_abd
dkowald1,FWF_at
dlarlus,naverlabseurope
dlarlus,rvolpis
dlarlus,skamalas
dmonett,natashajaques
dmonett,lh3com
dnawasari,hazechu
dnawasari,hazechu
dnawasari,hazechu
dnawasari,hazechu
dnrusakov,haltakov
dnrusakov,ApacheArrow
dnrusakov,lexfridman
dnrusakov,indygreg
dnrusakov,scala_lang
DoctorAfghan,AnsarAAbbasi
DoctorAfghan,AimalWali
DoctorAfghan,ForeignOfficePk
DoctorAfghan,AsfandyarKWali
DoctorAfghan,KasimGillani
doesdatmaksense,AkankshaLife
doesdatmaksense,VaibhavSisinty
doesdatmaksense,AZenGuy
doesdatmaksense,SeguraAndres7
doxdankk,GuggerSylvain
doxdankk,NVIDIAAI
doxdankk,MIT_CSAIL
doxdankk,dunossauro
doxdankk,amitness
drewAhudson,ZetaVector
drewAhudson,ProfFeynman
drewAhudson,patrickmineault
drewAhudson,MaureenBug
drewAhudson,xkcd
DrJimFan,karpathy
DrJimFan,drfeifei
DrJimFan,NASAPersevere
DrJimFan,TheJackForge
DrPhilSmith1,seb_ruder
DrPhilSmith1,uobcompsci
DrPhilSmith1,pmddomingos
DrPhilSmith1,tropical_toxic
DrPhilSmith1,yoavgo
DrqYuto,hourei
DrqYuto,animatetimes
DrqYuto,odoaso
DrqYuto,cafe_ludens
DrqYuto,cafe_ludens
drscotthawley,AESorg
drscotthawley,katecrawford
DrSkippy,ericwryan
DrSkippy,zeynep
DrSkippy,zeynep
DrSkippy,AspenMesh
dr_levan,TivadarDanka
dr_levan,ducha_aiki
dr_levan,arankomatsuzaki
dr_levan,gabrielpeyre
dr_levan,PyTorch
dshugars,ProjectLincoln
dshugars,mattblaze
dshugars,ProjectLincoln
duguyuan,DeepMind
duguyuan,iadh
Duyvvu,SoniaLing_
Duyvvu,Cedric_Sarre
EarthCube,SuperChristineK
EarthCube,gofairus
EarthCube,CSDMS
EarthCube,pangeo_data
EarthCube,ESIPfed
edchi,Kolas_Yotaka
edchi,ACMRecSys
edchi,nathanheller
EdikMazhukin,ntvru
EdikMazhukin,varlamov
EdikMazhukin,adagamov
EdikMazhukin,XAG_official
EdikMazhukin,Twitter
edureisMD,ylecun
edureisMD,Radiology_AI
edureisMD,RMaffeiLoureiro
edureisMD,arankomatsuzaki
edureisMD,curtlanglotz
EdwardACurry,SIT_NUIGalway
EdwardACurry,SIT_NUIGalway
EdwardACurry,Piyush_IIITD
EdwardRaffML,charlottejee
eglu81,ItalyinBrisbane
eglu81,haskhosravi
eglu81,CIKM2021
eglu81,CIKM2021
eglu81,haskhosravi
elad1,tunguz
elad1,yelenamejova
elad1,SethS_D
elaherah,thenextwe
elaherah,IBMWatson
elaherah,instagram
elaherah,melindagates
elasticjava,ThoHeller
elasticjava,rmetzger_
elasticjava,Thom_Wolf
elasticjava,xkcdComic
elasticjava,hardmaru
EldarSilver,Hjorvik
EldarSilver,alvaro_medinas
EldarSilver,DucasLeo
EldarSilver,silvink
ElenLeFoll,perezparedes
ElenLeFoll,jennyhillBBC
eliethesaiyan,kanair
eliethesaiyan,MattEagles
elisab79,ASzigetvari
elisab79,martinpotthast
ElisaRi34560608,JEPaquetEU
ElisaRi34560608,xkcd
ElisaRi34560608,Hassanhaija
ElisaRi34560608,MARVELprojecteu
ElisaRi34560608,releasethegecko
elkhereiji,stevemagness
elkhereiji,niftyc
Ellen_Rushe,BrightClubIRL
Ellen_Rushe,BrianMacNamee
Ellen_Rushe,BrianMacNamee
el_keogh,rujaporras
EmifatiZebua1,EmifatiZebua1
EmifatiZebua1,EmifatiZebua1
EmifatiZebua1,EmifatiZebua1
EmilianaMurgia,DrCh0le
EmilianaMurgia,SIGIRConf
EmilianaMurgia,DrCh0le
EmilianaMurgia,DrCh0le
emilio__ferrara,jure
emilio__ferrara,natashajaques
engin32m,Edenxchange
engin32m,jazreelcubing12
engin32m,CarDealerMag
entoutsi,DameWendyDBE
entoutsi,dfg_public
EpitechLyon,Epitech
EpitechLyon,Epitech
epuujee,tibi_app
epuujee,GiimaaAj
epuujee,chrisalbon
epuujee,tibi_app
epuujee,tibi_app
ercan_ezin,ithinkwellHugh
erinjerri,ShamsCharania
erinjerri,theextendedmind
erinleetweets,ftdata
erinleetweets,hadleywickham
EsauVT,TechAtBloomberg
EsauVT,AMPLN
EsauVT,AMPLN
EsauVT,fabreetseo
escalenumerik,gbillois
esha_shandilya,shubhranshu_shk
etedadd,Eeriedonkey
eteeeeeerminal,ImAI_Eruel
EticasConsult,EticasFdn
EticasConsult,gemmagaldon
eugeneAgichtein,eugeneAgichtein
eugeneAgichtein,2021Ecir
eugeneAgichtein,AmazonScience
eugeneAgichtein,WSDMSocial
eva_zangerle,dkowald1
eva_zangerle,Quasilocal
eva_zangerle,ACMRecSys
eva_zangerle,christine_bauer
eva_zangerle,christine_bauer
evdisha,dscmmmut
evdisha,dscmmmut
evdisha,dscmmmut
evdisha,dscmmmut
evitamonal,peter_richtarik
evitamonal,usinessbarista
evitamonal,ekkonosolutions
evitamonal,oeckxoxo
evitamonal,hima_lakkaraju
ev_fedorenko,FriedericiLa
ev_fedorenko,cedricboeckx
eybarnei,itsafronomics
eybarnei,karapatan
eybarnei,maroontito
eybarnei,en_golu
eybarnei,STEMAllianceUPD
e_dythe,BloggerAnthony
e_dythe,terisasiagatonu
e_dythe,itsJeffTiedrich
e_dythe,KatiePhang
faabom,UriCohen42
faabom,seb_ruder
faabom,PatrickPlaten
faabom,tjmahr
faabom,ramsri_goutham
fabien_gandon,FunMooc
fabien_gandon,3IAcotedazur
fabien_gandon,wimmics
fabien_gandon,Inria
Fatemehsrz4,jure
Fatemehsrz4,gabrielpeyre
Fatemehsrz4,fermatslibrary
Fatemehsrz4,jure
Fatemehsrz4,Jiminy_Kirket
faysalhamid707,abhi1thakur
faysalhamid707,ManCity
FdS_Lyon1,ENSdeLyon
FdS_Lyon1,LP_ENS_
FdS_Lyon1,INC_CNRS
FdS_Lyon1,fabrinnov
FdS_Lyon1,MMI_lyon
FedPernici,seb_ruder
FedPernici,fermatslibrary
FedPernici,omarsar0
FedPernici,Ar_Douillard
fhasibi,BenCarterette
fhasibi,krisztianbalog
fhasibi,acm_ictir
fhasibi,martinpotthast
fhasibi,fabreetseo
figuerosky,tidyversetweets
figuerosky,data_question
figuerosky,CatherineAdenle
figuerosky,divadnojnarg
figuerosky,rstudio
filipebraida,FAccTConference
filipebraida,denisparra
filipesaraiva,chicobarney
filipesaraiva,viniciusduarte
FinkeHarkonen,Siemens
FinkeHarkonen,wcefplusclimate
FinkeHarkonen,wcefplusclimate
FinkeHarkonen,ECHOcybersec
fjfbupt,polynoamial
fjfbupt,_willfalcon
fjfbupt,karpathy
fjfbupt,ctnzr
fjfbupt,timnitGebru
flpiroi,neilhimself
flpiroi,SIGIRConf
flpiroi,EoscSecretariat
fmnardini,HPCLa
fmnardini,HPCLa
fmnardini,HPCLa
fmnardini,2021Ecir
fmnardini,2021Ecir
framrus,rishiyer
framrus,SMILESkoltech
francesca2212,HSELive
francesca2212,__apf__
francesca2212,vonderleyen
frankml10,jurafsky
frrncl,BenCarterette
frrncl,BenCarterette
frrncl,BenCarterette
FTHopf,dyaaa
FTHopf,IntranetFocus
FTHopf,ennykille
FTHopf,ir_glasgow
fukutax,UN_NERV
FurudateK,ISID_AI_team
FurudateK,0verfit
FurudateK,ISID_AI_team
FxCebx,Peter_Pilz
FxCebx,EvanKirstel
FxCebx,DieRaffa
FxCebx,RedaktionZack
FxCebx,LiliHoliday
galileoeni,enshi_ai
galileoeni,ml_contests
galileoeni,hutanisanyam1
galileoeni,enshi_ai
gangeshwark,GergelyOrosz
gangeshwark,shl
gangeshwark,cnha
gangeshwark,GergelyOrosz
gangulyniloy,DeprivedVoices
gangulyniloy,rajdeep345
gdm3000,LDKconference
gdm3000,TheWebConf
gdm3000,tysonbarker
gelly_patrick,BhadraPunchline
gelly_patrick,raam_beart
gelly_patrick,zhang_heqing
gelly_patrick,SCMPNews
GGedus,mrogati
GGedus,inthebrownbag
GGedus,NewTimesRwanda
ghhosh,UDelaware
ghhosh,RobertTLange
ghhosh,karpathy
ghhosh,alan_karthi
giselle_zeno,networks_dynamo
giselle_zeno,TheWebConf
giulionapo,JLehmann82
giulionapo,SDA_Research
giulionapo,aotbonn
giulionapo,SDA_Research
giulionapo,Centogene
GiulioRossetti,Unipisa
GiulioRossetti,masonporter
GiulioRossetti,emilio__ferrara
GiulioRossetti,enrozemberczki
gjhouben,IHaslinger
gjhouben,laroyo
gjhouben,esimperl
gjhouben,TheWebConf
gjhouben,WebSciConf
gmonce,TVCIUDADuy
gmonce,xkcd
gnl_sabah,arisatay
gocomvis,GoogleAI
gocomvis,karpathy
godfrey_G_,chidambara09
godfrey_G_,PRONOjits
godfrey_G_,FabienBrodie
godfrey_G_,IainLJBrown
godfrey_G_,nuncafuipop
gong_cheng,ziqizhang_zz
GouriGinde,ieee_re
GouriGinde,UCalgary
GouriGinde,ieee_re
GouriGinde,ucalgaryCHI
GouriGinde,kdnuggets
GRAMUAH,VIPriorsICCV
GRAMUAH,UAHes
GRAMUAH,eps_uah
GrandpaRobot,QTrobot
GrandpaRobot,BoomingEncore
GrateFullLife,Mikel_Jollett
GretaFranzini,CEVolleyballCL
GretaFranzini,ERC_LiLa
GretaFranzini,ERC_LiLa
GretaFranzini,ERC_LiLa
GretaFranzini,pret_a_llod
gtrbi,GTChBE
gtrbi,IntlPaperCo
gtrbi,MEGeorgiaTech
gtrbi,MEGeorgiaTech
guidozuc,HamedZamani
guidozuc,viller
guidozuc,tetsuyasakai
guidozuc,natashajaques
guidozuc,TheWebConf
Guvvalapavanku1,TDataScience
Guvvalapavanku1,gopugoswami
Guvvalapavanku1,TDataScience
Guvvalapavanku1,Raghvarma
gvrkiran,ccanonne_
gvrkiran,owocki
gvrkiran,4digitaldignity
gvrkiran,RebekahKTromble
HamidZafart,JLehmann82
HanGuo97,jure
HanGuo97,valeriechen_
HanGuo97,igflywth
HanGuo97,svlevine
HanGuo97,camPossible
HaroldPedroso,Apple
HarvardBooks,ostonathenaeum
haspelmath,jungesprawi
haspelmath,Berlin_Type
haspelmath,linguistlaura
hastur_kato,abhi1thakur
hastur_kato,it_hatebu
hastur_kato,classmethod
hatchling_13,dxrru
hatchling_13,Basix1120
hatchling_13,_ToT_A_
hatchling_13,Basix1120
hatchling_13,officialoddhive
hatimnagarwala,NillsF
hatimnagarwala,codewithsimon
hatimnagarwala,Azure
HBAkirmak,IainLJBrown
HBAkirmak,schrep
HBAkirmak,schrep
HBAkirmak,schrep
hd_subrata,pacmannai
hd_subrata,svpino
heerme,abhi1thakur
heerme,veggiemice
heerme,hazechu
heerme,BeccaFlynnDu
HeesooMyeong,fchollet
HeesooMyeong,hardmaru
heghbalz,lawrennd
heghbalz,aparrish
heghbalz,IAugenstein
heghbalz,ayushtripathi25
heghbalz,kargarisaac
heidilundsgaard,techoilenergy
heidilundsgaard,OmegaEnviron
heidilundsgaard,OmegaEnviron
heidilundsgaard,Inc
heidilundsgaard,Inc
hendyfergus,OdedRechavi
hendyfergus,Prathkum
hendyfergus,omarsar0
hendyfergus,rauschma
hideo_joho,lintool
hideo_joho,mhagiwara
hideo_joho,langsmith_nlp
HIIT,FCAI_fi
HIIT,FCAI_fi
HIIT,FCAI_fi
HIIT,KumpulaScience
HilmiAditya_,tasty
HilmiAditya_,tasty
HilmiAditya_,tastemadeid
HilmiAditya_,jobRxiv
HilmiAditya_,jobRxiv
HI_in_KSA,KhAfnan
HI_in_KSA,MegamindCo
HI_in_KSA,MegamindCo
HI_in_KSA,MegamindCo
HI_in_KSA,MegamindCo
HomayunAfra,SBMost
HomayunAfra,profobutts
HomayunAfra,samikaski
HomayunAfra,Pooyahat
HomayunAfra,msbernst
hrosmendez,jes_prz
hrosmendez,wikidata
hrosmendez,alexgekker
hrosmendez,chrmanning
hrosmendez,seb_ruder
hubofml,BenjaminP3ters
hubofml,IainLJBrown
hubofml,FabienBrodie
hubofml,SuzanneC0leman
hubofml,IainLJBrown
hugo_larochelle,luisa_zintgraf
hugo_larochelle,neyshabur
hugo_larochelle,BeEngelhardt
hugo_larochelle,natashajaques
hwingo,svlevine
hwingo,NVIDIAAI
hwingo,NVIDIAAI
hwingo,verge
hwingo,ACLU
ialuronico,MelMitchell1
ialuronico,Aleksimmonen
iamkitlobe,MyGlitteryBrain
iamkitlobe,PinnacleTrends
iamkitlobe,Telegraph
iamkitlobe,TheCounter
iamkitlobe,Ulises_alch
ibrahimabdelazz,dbpedia
ibrahimabdelazz,ankithharathi
ibrahimabdelazz,tchakra2
ibrahimabdelazz,pavankaps
ibrahimabdelazz,sroukos
icantador,sciueferrara
icantador,domonkostikk
icantador,TwitterDev
icaroagostino,RespectfulMemes
icaroagostino,rstudio
ICCV_2021,cvppa2021
ICCV_2021,ihan_wen
IceCreamFoodFan,KodiakCakes
IceCreamFoodFan,yayalexisgay
IceCreamFoodFan,sarcasm_scrubs
IceCreamFoodFan,theyearofelan
IDABrunel,icwsm
IDABrunel,TahaYasseri
IDABrunel,nickynicolson
IDABrunel,nickynicolson
IDABrunel,PoliceRewired
iFromm,SolvdProject
iFromm,SolvdProject
iFromm,DannyBate4
IgorBrigadir,reb_stuart
ImageSnippets,storyneedle
ImageSnippets,oralassila
ImageSnippets,SparkesPenny
imtejas13,igsadonly
imtejas13,hima_lakkaraju
imtejas13,huggingface
imtejas13,karpathy
imtejas13,justachetan
iN1k1,OdedRechavi
iN1k1,natashajaques
iN1k1,arankomatsuzaki
iN1k1,NASAPersevere
iN1k1,arankomatsuzaki
inria_sophia,IESinria
inria_sophia,Inria
inria_sophia,sebbar_diana
inria_sophia,UCA_DataScience
inria_sophia,Inria_Nancy
intersticia,DrTomFrieden
intersticia,WebSciConf
intersticia,UpdatingOnRome
intersticia,martinsw
intersticia,hrw
IPDLN,IJPDS
IPDLN,adr_uk
IPDLN,PopDataSci_SU
IPDLN,IJPDS
irenemcho,riantylercohen
irenemcho,stewartdantec
irenemcho,stewartdantec
irenemcho,stewartdantec
irenemcho,stewartdantec
iricelino,isws_semwe
iricelino,UNIFE
Irzhik3,dougfisher
Irzhik3,mattdpearce
Irzhik3,dougfisher
Irzhik3,Inc
Irzhik3,Inc
Ismail_badache,gcabanac
Ismail_badache,Num_Edu_Libre
Ismail_badache,jenheemstra
Ismail_badache,TsinghuaNLP
itsPikakshi,churumuri
itsPikakshi,Polytikles
itsPikakshi,MahuaMoitra
itsPikakshi,TinaGurnaney
itsPikakshi,clarisselou
ivan__bits,AzureSupport
ivan__bits,dnsimple
ivan__bits,dnsimple
ivan__bits,levelsio
ivan__bits,dvassallo
i_sanvi,ElhuyarIG
i_sanvi,sharduls_scooby
i_sanvi,kalikabali
jacobeisenstein,seb_ruder
jacobeisenstein,juliagalef
jacobeisenstein,tropical_toxic
jacobeisenstein,WikiResearch
jacobeisenstein,languagejones
jacquehtidwell,AtlBizChron
jacquehtidwell,timechols
jacquehtidwell,timechols
jacquehtidwell,timechols
jacquehtidwell,rickeybevington
jaegerjackie,kdd_news
jaegerjackie,kdd_news
jaegerjackie,kdd_news
jainnitk,GPTxApp
jainnitk,patri_vaquero_
jainnitk,daflowjoe
jainnitk,TivadarDanka
jamiekim,DanRose999
jamiekim,nytimes
jamiekim,nytimes
janemorgan62,FeelGoodPage11
janemorgan62,CladdingKermit
janemorgan62,ChrisInnaCrisis
janemorgan62,PHE_uk
Janu_Sundarj,DataSciGuide
Janu_Sundarj,kdnuggets
Janu_Sundarj,DataSciGuide
Janu_Sundarj,DataScienceCtrl
jan_gemert,aCarlRodriguez
jan_gemert,natashajaques
jan_gemert,xkcd
jan_gemert,ICCV_2021
JayPate97356556,Ronald_vanLoon
JayPate97356556,digitalke1
ja_schnabel,ICBmunich
ja_schnabel,IEEEembs
ja_schnabel,ELLISmunichunit
ja_schnabel,GlockerBen
jbagnato,svpino
jbagnato,AndrewYNg
jbagnato,omarsar0
jbagnato,josecastillo
Jberenike,unibielefeld
Jberenike,sfb_comparing
Jberenike,Prakt_Theo
jcchinhui,GaryMarcus
jcchinhui,JeremyCom
jcchinhui,lzepeda979
jcchinhui,samkar10200
JensVisitorDesk,ZerlinaShow
jeridfrancom,wendy_elvira
jeridfrancom,juliasilge
jeridfrancom,hlswfu2021
jeridfrancom,tomstafford
jeridfrancom,LingSocAm
jfgras,Bernat_Deltell
jfgras,economiacat1
jfhaynes,sama
jfhaynes,choffstein
jfhaynes,preskill
jfhaynes,UzziLeadership
jfhaynes,EricBalchunas
jgmorenof,KiddoThe2B
jgmorenof,DanielKhashabi
jgmorenof,omarsar0
jgmorenof,NeilMaiden
jhollmen,CT_Bergstrom
jhollmen,AaltoPRO
jillhopke,nixonron
jillhopke,dara_williams3
jkamps,fabreetseo
jkamps,gingdottwit
jkamps,slumou
JKleenankandy,omarsar0
JKleenankandy,PHDcomics
JKleenankandy,omarsar0
JKleenankandy,anoopk
jkonstan,ACMRecSys
jkonstan,jtannady
jlijffijt,Vlaamse_AI_Acad
jlijffijt,clured
joaopalotti,AcmNitk
joaopalotti,QatarComputing
joaopalotti,ingmarweber
joaopalotti,MichaelAupetit
job_santana,NASA
job_santana,NASA
job_santana,NASAPersevere
jochenleidner,Reuters
jochenleidner,guardiannews
joemonj,KhariBiskut
joemonj,gneubig
joemonj,mobiquitousmark
joemonj,vardi
johnpac76,Paula_Piccard
johnpac76,omarsar0
jon_gillick,dbamman
jon_gillick,funktrism
jon_gillick,emma_lurie
jon_gillick,Abeba
joycehanson,Italiano_Laura
jpberthet,BDLYO
JRussellPhD,JRussellPhD
JRussellPhD,BPRACtweets
JRussellPhD,sallyeaves
JRussellPhD,randal_olson
Juberliet,InvestInLyon
juliantogray,ICCV_2021
julia_kiseleva,chris_brockett
julia_kiseleva,TheWebConf
julia_kiseleva,fabreetseo
julia_kiseleva,adveisner
JunsongW,AnalyticsVidhya
JunsongW,AnalyticsVidhya
JunsongW,Deep_In_Depth
JunsongW,AnalyticsVidhya
JunsongW,AnalyticsVidhya
j_h_kim,spacy_io
j_h_kim,UCLEnterprise
j_h_kim,DataInnovation
j_h_kim,CausalyAI
j_h_kim,ScottGottliebMD
k4nnn6843,jacobandreas
k4nnn6843,vicvicmon
k4nnn6843,JDP_JidaaTK_
k4nnn6843,JellyStarrr
kamama_ai,mwseibel
kane_tomelf,stanfordnlp
kane_tomelf,Thom_Wolf
kane_tomelf,huggingface
karlhigley,hpdailyrant
karlhigley,SNeurotypicals
karl_tuyls,jessejdavis1
karl_tuyls,aamas2021
karl_tuyls,JanVanHaaren
karl_tuyls,AmiiThinks
karl_tuyls,JanVanHaaren
KatharinaJutta,sfb876
KatharinaJutta,medieninformant
katiestasaski,dbamman
katiestasaski,ReichlinMelnick
katiestasaski,Kyla_in_DC
katiestasaski,GraceHuiYang
kazanagisora,jav6868
kazanagisora,sleepyslowsheep
kazanagisora,nagoyamisato
kazanagisora,origamicat
KAZurcher,unsenbernerbmd
KAZurcher,unsenbernerbmd
KAZurcher,AstroKatie
ka_kinder,DameWendyDBE
ka_kinder,MicheleWillson
ka_kinder,JournKommGes
ka_kinder,CAISnrw
ka_kinder,CAISnrw
keatonprice,keatonprice
keatonprice,BetterUp
keatonprice,paugasol
kekacang,jayvanbavel
kekacang,AlexOsterwalder
kekacang,ORBITRRI
kekacang,uitmofficial
kellyscientist,sebastianmarkow
kellyscientist,chriswolfvision
kellyscientist,topbots
kellyscientist,samim
kellyscientist,topbots
kelsamur_nyc,manderson1978
kelsamur_nyc,AKHelmsly
kelsamur_nyc,riallenhopper
kemmorey1,MatDeclerck
kemmorey1,AdamCSchembri
kemmorey1,NeuroLang_BCBL
kerstingAIML,informatik_moe
kerstingAIML,wvdaalst
kerstingAIML,ryan_p_adams
KestlerEdwin,RubenLopez44
KestlerEdwin,Luz_Angelina_
KestlerEdwin,alex56gt
kevinz301,DeadlineCoUk
kevinz301,SorchaMccooey
kevinz301,driftwoodrich
kevinz301,syndicates__FAN
kevinz301,techoilenergy
Kevin_Ferret,vexwerewolf
Khaki0102624,500drachmas
Khaki0102624,nekoumei
Khaki0102624,Yasu9412
KhosravanNaji,eadeli
KhosravanNaji,ylecun
KhosravanNaji,docmilanfar
KhosravanNaji,ICCV_2021
KhosravanNaji,CVPR
kimfalk,jrlarsen
kimfalk,ManningBooks
kimfalk,ManningBooks
kimfalk,ookauthority
KingEdwin7,MIT_CSAIL
KingEdwin7,TensorFlow
KingEdwin7,iLabAfrica
KingEdwin7,omarsar0
KingEdwin7,OceanbasedCS
klewer8,neptune_ai
klewer8,neptune_ai
klewer8,seb_ruder
klewer8,kdnuggets
klewer8,aicanedo
kmario234,xwang_lk
kobi_gal,engurionu
koriavinash001,josh_tobin_
koriavinash001,Tixie_
koriavinash001,PetarV_93
koriavinash001,KordingLa
koriavinash001,koriavinash001
Korwisi,AlexWhite1812
KouroshMeshgi,ak92501
KouroshMeshgi,facebookai
KouroshMeshgi,ak92501
KouroshMeshgi,omarsar0
KouroshMeshgi,ak92501
KranthiGV,vopani
KranthiGV,shashankmehta05
KranthiGV,arielsonline
KranthiGV,housecor
KranthiGV,kuintzle
Kricketime,RosemaryScapicc
krisztianbalog,acm_ictir
krisztianbalog,acm_ictir
krisztianbalog,SIGIRConf
kstate_bigdata,neo4j
kstate_bigdata,freeCodeCamp
kstate_bigdata,machinelearnflx
kstate_bigdata,ksuderekc
ktsword,ekverstania
ktsword,davidtuller1
kul_stephen,ICCV_2021
kul_stephen,jbhuang0604
kul_stephen,charlietcnash
kul_stephen,kul_stephen
Kurbonali_K,Prathkum
kwelle,WebSciConf
kwelle,WebSciConf
KWVIS,siggraph
KWVIS,UWaterloo
KWVIS,CVPR
k_triquet,DigiGenEurope
k_triquet,dgasevic
k_triquet,sbuckshum
k_triquet,eddiged
labbaali,en_golu
labbaali,roger_mansuy
labbaali,aparrish
labbaali,gabrielpeyre
labbaali,Deep__AI
LabeledData,thetalperry
lambertoballan,ServizioRicerc
lambertoballan,internetdaniel
lambertoballan,BMVCconf
LanguageMIT,kensycoop
LanguageMIT,e_ajmathieu
LanguageMIT,adenaschachner
LanguageMIT,ev_fedorenko
laroyo,nycgov
laroyo,ImageSnippets
laroyo,adinamwilliams
LawInfluencer,LBM_lawblogs
LawInfluencer,SarahBatBradley
LawInfluencer,LBM_lawblogs
LawInfluencer,LBM_lawblogs
LawInfluencer,floguebach
law_Tjatjie,kulanicool
law_Tjatjie,raTforReal
law_Tjatjie,CarlPineapples
lbalby,albertocalmeida
LCiampiconi,FPanunzi
leepersil,Ronald_vanLoon
leepersil,Ronald_vanLoon
leepersil,WIREDScience
leepersil,JeroenBartelse
leepersil,openculture
leifos,vlachos_nlp
leitang,PowerDNS_Bert
leitang,dropmonad
leitang,JoeWongComedy
leitang,ASlavitt
leitang,EricTopol
LellaVardan,Sentdex
LellaVardan,wgeary
LellaVardan,SyracuseU
LellaVardan,jurafsky
Lemmafire,omarsar0
Lemmafire,sydgibs
Lemmafire,PrasoonPratham
Lemmafire,omarsar0
Lemmafire,omarsar0
leogrina,sa_Ilie
leogrina,vandinfa
leogrina,vandinfa
leogrina,recomb21
Leo___Sturm,DCGreenZone1
Leo___Sturm,lifebiomedguru
Leo___Sturm,goddeketal
Leo___Sturm,dtrick
Leo___Sturm,Europakonzept
leslyarun,TechAmazing
leslyarun,paperswithcode
leslyarun,the_antlr_guy
lespacedunmatin,Le___Doc
lespacedunmatin,Le___Doc
lespacedunmatin,Le___Doc
lespacedunmatin,Le___Doc
lessalins,dr_l_alexandre
lessalins,axbom
lessalins,drsimonegold
lessalins,MarteauOlivier
lessalins,MarieCanL
levhita,mr_no
levhita,LienzoMx
levhita,CesarKestis
levhita,vinigarr
levhita,c4rl0sj4v13r
liconoc,seb_ruder
liconoc,SEDIAgo
liconoc,haltakov
liconoc,MLJ_Social
LinasTw,ACMRecSys
LinasTw,ZachSchendel
LinasTw,NetflixResearch
LinasTw,lader
liuhuan,RuochengGuoASU
liuhuan,cosmographers
liuhuan,rao2z
Lmalongo2,ProfFeynman
Lmalongo2,indureddy
Lmalongo2,ProfFeynman
Lmalongo2,svpino
Lmalongo2,ktochtermann
localeatr,Annaoj05
localeatr,marcygordon
lonepattern,MedCrisis
lonepattern,lackoutt17
lonepattern,Foone
lonepattern,Foone
Long_Phil_Xia,RexChapman
Long_Phil_Xia,wonderofscience
Long_Phil_Xia,TheOfficialACM
Long_Phil_Xia,NandoDF
Long_Phil_Xia,SuperBahl
loradeets,CUPElementsPBC
loradeets,loradeets
louiqaraschid,glennkirschner2
louiqaraschid,one00afide
louiqaraschid,ASlavitt
louiqaraschid,glennkirschner2
louiqaraschid,RadioFreeTom
LukeZettlemoyer,DynabenchAI
LukeZettlemoyer,nsaphra
LukeZettlemoyer,myleott
LukeZettlemoyer,ZexuanZhong
lyc84181,lucacarlone1
lyc84181,JiamingSuen
lyc84181,ducha_aiki
lyc84181,gamingbible
lyc84181,BenGeskin
lynneguist,nytimes
lynneguist,manwhohasitall
Lynyus,JabRef_org
Lynyus,JUG_DA
M1l0u,EU_Startups
M1l0u,FENIX_HB
M1l0u,GabrielMariya
M1l0u,volt_france
M1l0u,EUeic
m1nhhanh,rotaractmedmdio
m1nhhanh,fabien_gandon
m1nhhanh,RACParisOuest
m1nhhanh,RACParisOuest
maherjend,davidfowl
maherjend,nodejs
maherjend,Nick_Craver
maherjend,halter73
MajiSubhransu,fgvcworkshop
MajiSubhransu,jongchyisu
MajiSubhransu,BelongieLa
MajiSubhransu,fgvcworkshop
MajiSubhransu,gwenckatz
maliannejadi,maartjeterhoeve
maliannejadi,julia_kiseleva
maliannejadi,DrCh0le
MAltman64114495,KitPloit
MAltman64114495,pentest_swissky
MAltman64114495,ShitSecure
MAltman64114495,ptracesecurity
MAltman64114495,ochsenmeier
mamii0718,CVpaperChalleng
maojiaxin,SIGIRConf
maojiaxin,yongfengzhang9
maojiaxin,ictir2020
maojiaxin,PHDcomics
maojiaxin,SIGIRConf
maponaso,omarsar0
maponaso,PetarV_93
maponaso,kcap2021
maponaso,kayaa_mesutt
maponaso,xkcdComic
marco_java,glfelicetti
marco_java,MassimoSt
marco_java,ALifeConf
marco_java,gaveltri
marco_java,sara_turetta
MariaPovedaV,datosgo
MariaPovedaV,oeg_upm
MariaPovedaV,CyberBuild
MariaPovedaV,EUBIMERR
MariaPovedaV,EUBIMERR
Mariya_Isograph,AdmKorolev
Mariya_Isograph,moscow
Mariya_Isograph,RoyalFamily
Mariya_Isograph,BBCNews
markcheung,Dr_ThomasZ
markcheung,populararch
mart1nkle1n,NetPreserve
mart1nkle1n,shawnmjones
mart1nkle1n,hrbrmstr
mart1nkle1n,force11rescomm
mart1nkle1n,LottyBrand
martin_trapp,_rockt
martin_trapp,yeewhye
martin_trapp,ryan_p_adams
martin_trapp,thegautamkamath
mash_umapathy,sudalairajkumar
mash_umapathy,abhi1thakur
MasoudCharkhabi,TensorFlow
MasoudCharkhabi,uhoelzle
MasoudCharkhabi,Google
MasoudCharkhabi,fchollet
MasoudCharkhabi,plumerai
MassimoRuffolo,geoffreyhinton
math_hope,hazuma
math_hope,livedoornews
math_hope,Fizz_DI
math_hope,uhyoneko
matsuco_std,schrep
matsuco_std,_xiongjie_
matsuco_std,ImAI_Eruel
matteo_turla_,fchollet
maulikkamdar,rminHaller
maulikkamdar,KGConference
maulikkamdar,shruthichari
maulikkamdar,srijankedia
maureen_stokan,DaveDiCello
maureen_stokan,DuquesneLaw
maureen_stokan,DuquesneLaw
mauricemulvenna,HeLEXOxford
mauricemulvenna,Ni5hah
mauricemulvenna,thesukrit
mauricemulvenna,GeologyTime
Maximilian_Ge,EPOCambridge
Maximilian_Ge,UCamEnterprise
Maximilian_Ge,TaylorVinters
Maximilian_Ge,TheMilnerInst
Maximilian_Ge,Postdoc_Academy
maxxx_patel,natashajaques
maxxx_patel,ChapmanLizzie
maxxx_patel,ChapmanLizzie
maxxx_patel,_YogendraYadav
maxxx_patel,pbhushan1
Mazi_Obinna,FabrizioRomano
mazycat,GoogleAI
mazycat,prismnolight
mazycat,cinemayeolsa
mazycat,rainygirl_
McWillemsen,navatintarev
McWillemsen,rimamrahal
mdekstrand,seanmmcdonald
mecheko78,ir_glasgow
mediasittich,CodeWisdom
mediasittich,DataScienceFest
mediasittich,TheAnkurTyagi
mediasittich,SoiSauceSeow
mediasittich,PHCSchoolOfAI
meghna_hooda,MoHFW_INDIA
meghna_hooda,IIitkanpur
meghna_hooda,RavitaUdar
MelTorefas,RexChapman
MelTorefas,jbendery
MelTorefas,jenzhuscott
MelTorefas,_SJPeace_
MelTorefas,gothspiderbitch
MeronHardnett,WIREDScience
MeronHardnett,IvanBaida
MeronHardnett,what3words
MeronHardnett,alizateach
metzlerd,dara_bahri
metzlerd,ytay017
metzlerd,HamedZamani
metzlerd,ytay017
metzlerd,841io
me_disabled,equalityAlec
me_disabled,WHO
mhenduccen,AbedCharef
mhenduccen,MohFACI
mhenduccen,ValaAfshar
micbuffa,davrous
micbuffa,Rumyra
micbuffa,abylonjs
micbuffa,deltakosh
micbuffa,aemkei
michaelzeller,siddharthb_
michellewitte,markpopham
michellewitte,TheSohoAgencyUK
miguelmalvarez,maite_martin
miguelmalvarez,peteskomoroch
miguelmalvarez,arkaitz
miguelmalvarez,TheSocialCTV
miguel_algaba,spatialxr
miguel_algaba,NASAPersevere
mihailupunet,TrustsData
mihailupunet,SafeDEED
mihailupunet,RSA_FG
mihailupunet,flpiroi
mihailupunet,suzan
MikeNelson,nils_gilman
MikeNelson,webfoundation
MikeNelson,kkomaitis
MikeNelson,corbinkbarthold
MikeNelson,corbinkbarthold
MilindTambe_AI,SunielVShetty
MilindTambe_AI,paularodrid
minceamie,ScottCohn97
minceamie,rickwierenga
minceamie,seanjtaylor
minceamie,aleboz
Miruna_Pislar,RemiLeblond
Miruna_Pislar,elena_sinel
Miruna_Pislar,MarekRei
miwojcz,seb_ruder
miwojcz,reshamas
miwojcz,chrisalbon
miwojcz,GokuMohandas
miwojcz,seanjtaylor
mjmrsc,tiredtaurus
mjmrsc,ENS_ULM
mjmrsc,LeDevoir
mjmrsc,DouglasResearch
mjoehlerich,ryanstruyk
mjoehlerich,MarketingB2B
mjoehlerich,saraecook
mkletri,eeonaposy
ML_Tweet_Bot,hashem25
ML_Tweet_Bot,theishantha
ML_Tweet_Bot,iZNDTechNews
ML_Tweet_Bot,datagulf1
ML_Tweet_Bot,Samu3lR0y
mohansiva_sai,wjarek
mohansiva_sai,coursera
mohansiva_sai,full_stack_dl
Moha_Magdy,deepset_ai
Moha_Magdy,webrecorder_io
Moha_Magdy,iBaino
Moha_Magdy,plison2
Moha_Magdy,deepset_ai
MohitIyyer,oydgraber
MohitIyyer,yoavgo
MohitIyyer,sivareddyg
MohitIyyer,omerlevy_
MohitIyyer,RichardJeanSo
MOMeachair,ccnymtm
MOMeachair,FiontarGaeilge
MOMeachair,fourprovinces
MOMeachair,FiontarGaeilge
momiji_fullmoon,jav6868
momiji_fullmoon,Ka000OO
momiji_fullmoon,SHIM4O
MonaSmitte,mzelst
MonaSmitte,TijnBroekman
MonaSmitte,mzelst
MonaSmitte,TijnBroekman
MonaSmitte,kylegriffin1
Montreal_IA,Montreal_AI
Montreal_IA,Quebec_AI
Montreal_IA,Montreal_AI
Montreal_IA,GoogleAI
Montreal_IA,CEIM_Qc
morgan94088660,S7i5FV0JOz6sV3A
morgan94088660,zaprobest
morgan94088660,S7i5FV0JOz6sV3A
morgan94088660,zonghengjp
morgan94088660,TrendingGolang
morolswediu,whoparthgarg
morolswediu,SuccessAnalytiX
morolswediu,ttmotshabi
morolswediu,ashutoshaneja
morolswediu,JosiasWing
mounialalmas,araffin2
mounialalmas,natashajaques
mounialalmas,MarcJBrooker
mounialalmas,xkcd
MoustaphaSheikh,KirkDBorne
MoustaphaSheikh,hardmaru
MoustaphaSheikh,jeremyphoward
MoustaphaSheikh,guillaume_che
MoustaphaSheikh,alfcnz
moximer,7StoriesPress
moximer,LinguisticsShi1
moximer,millerdl
mrdrozdov,ikostrikov
mrdrozdov,priyald17
mrdrozdov,lindsey
mrdrozdov,gabrielpeyre
mrdrozdov,PTenigma
mrhctr,marga_tf
mrhctr,matthew_d_green
mrhctr,Nachodm10
mrhctr,rctatman
mrhctr,BellLabs
MrVivekKumarTi1,KarthikS2206
MrVivekKumarTi1,cricvinay
MrVivekKumarTi1,Collector_Satna
MrVivekKumarTi1,machine_ml
MrVivekKumarTi1,dalmiaman
MsPeregrine_,PedramHosseini
MsPeregrine_,stanfordnlp
MsPeregrine_,linguistlist
MsPeregrine_,Diyi_Yang
MsPeregrine_,milesboard
msurd,yoavgo
msurd,omerlevy_
msurd,peterjansen_ai
murarigoswami,adarpoonawalla
murarigoswami,AkwyZ
MuyiwaWilliams_,SavvyRinu
MuyiwaWilliams_,OfficialPDPNig
MuyiwaWilliams_,MobilePunch
MuyiwaWilliams_,tosinolaseinde
mwu2005,SIGIRConf
mwu2005,asist_org
mwu2005,BreitingerC
mwu2005,JlisTw
M_Ghass,chriskalmar
m__dehghani,natashajaques
m__dehghani,BenCarterette
m__dehghani,BenCarterette
m__dehghani,ytay017
NabilAdams,TemiLdy
NabilAdams,TemiLdy
NabilAdams,kofiRichmond_
NabilAdams,TemiLdy
NabilAdams,owassfm
nadavgolbandi,AmazonScience
nadavgolbandi,mounialalmas
nadavgolbandi,fermatslibrary
nadavgolbandi,mounialalmas
naijalaysian,JSchleiderPhD
naijalaysian,jobswithshay
naijalaysian,daflowjoe
naijalaysian,SeekersGuidance
naijalaysian,aaolomi
navatintarev,totopampin
navatintarev,guardiannews
navnit_28,BSEIndia
navnit_28,WasimJaffer14
navnit_28,ashwinravi99
neal_lathia,jsnctl
neal_lathia,mtszkw
neal_lathia,suhailpatel
nedjmaou,NAACLHLT
nedjmaou,tmalsburg
nedjmaou,multilingual_s
nedjmaou,NAACLHLT
neelsmithhc,ryanf
neelsmithhc,holy_cross
neelsmithhc,TimJoseph1843
neelsmithhc,DominicMachado1
NeriNathalie,amadou_rouillon
NeriNathalie,HeleneBoyerPro
NeriNathalie,_InsightOutside
NeriNathalie,INET_CNFPT
nettra,ensdomains
nettra,akshaykagrawal
nettra,alajis
nettra,ljxie
nettra,ljxie
NetworkTremieu,SpringerCompSci
NetworkTremieu,TivadarDanka
NetworkTremieu,nws_journal
NetworkTremieu,qixing_huang
NetworkTremieu,SpringerCompSci
NeuIRwkshp,nick_craswell
NeuIRwkshp,MSMarcoAI
NeuIRwkshp,UnderdogGeek
NeuIRwkshp,UnderdogGeek
NeuIRwkshp,UnderdogGeek
Newcolour78,Calvinn_Hobbes
Newcolour78,FabioMassimo85
niam,TakashiSasaki
nicholae,KimTallBear
nicholae,foureyedsoul
nicholae,davehudson123
nicholae,morrismichaelj
nicholae,jasonhickel
Nickola90255904,optrickster
Nickola90255904,ParkvilleGeek
Nickola90255904,jeremyphoward
Nickola90255904,tunguz
Nickola90255904,PTenigma
NickySLloyd,TheWPHP
NickySLloyd,YaleDHLa
NickySLloyd,Brycchan
nicola_barbieri,roiblanco
nicola_barbieri,gionis
nicola_barbieri,NoemiDerzsy
NilayShri,eig
NilayShri,mmbronstein
NilayShri,delliott
NilayShri,PetarV_93
NilayShri,cstheory
nitin,econliberties
nitin,PeteDominick
NomotoMasako,eswc_conf
NomotoMasako,iswc_conf
NomotoMasako,iswc_conf
NomotoMasako,iswc_conf
NomotoMasako,iswc_conf
Nonnepossopi1,HenryMakow
Nonnepossopi1,roccogalatilaw
Nonnepossopi1,ActivistPost
Nonnepossopi1,ActivistPost
Nonnepossopi1,ActivistPost
northboundlane,akdobbin
northboundlane,editwithemily
northboundlane,NoahWebHouse
npinto,elonmusk
npinto,MIT_CSAIL
npinto,natashajaques
npinto,anomanetwork
npinto,anomanetwork
nsankar,KirkDBorne
nsankar,DFCapodanno
nsankar,LysandreJik
nsankar,KevinClarity
nsankar,TechOaktree
ntonellotto,dtalia
ntonellotto,ida_mele
ntonellotto,craig_macdonald
ntzio,LSEMaths
ntzio,guedj
ntzio,mvazirg
ntzio,tdietterich
NutLims,iadh
NutLims,CambridgeLTL
NutLims,nigelhcollier
NutLims,iadh
NutLims,annalkorhonen
n_rassam,erinlepere
n_rassam,nhelleringer
oahmady,samir_vasavada
oahmady,patrick_oshag
oahmady,elonmusk
oahmady,nytimes
oahmady,samir_vasavada
OlegZendel,tetsuyasakai
OlegZendel,ShalitUri
OlegZendel,segal_eran
OlegZendel,Nadav_Eyal
olgakoveneva,csabbah
olgakoveneva,Fennelly_LION
olgakoveneva,prefpolice
OliBox1,NYTScience
OliBox1,jamovistats
OliBox1,NYTScience
OliBox1,NYTScience
onurvarol,ryanjgallag
onurvarol,xkcd
onurvarol,italodovalle
onurvarol,quant_success
onurvarol,hassan_yazdi
opexxx,USCERT_gov
opexxx,mikko
orenhazai,tamarishshalom
orenhazai,JamesGunn
orilong,ECMLPKDD
orilong,togelius
orilong,DKaravolos
orilong,awjuliani
orsum_ws,jnvinagre
orsum_ws,eugeneyan
orsum_ws,jnvinagre
orsum_ws,orsum_ws
Pablogomez3,tunguz
Pablogomez3,__MLT__
Pablogomez3,abhi1thakur
Pablogomez3,ParcolletT
PanFrater,danwentzel
PanFrater,sphericalthink2
PanFrater,sethanikeem
PanFrater,parents4future
pankajmathur_,simonw
pankajmathur_,AndrewYNg
pankajmathur_,martin_casado
pankajmathur_,githu
pankajmathur_,fchollet
PanPapapetrou,dig_futures
PanPapapetrou,vassilikiKou
PanPapapetrou,NASAPersevere
PanPapapetrou,DAMI_Social
patdiaz,NASAMoon
patdiaz,msantolini
patdiaz,nresearchnews
patdiaz,Khipu_AI
patdiaz,ejzim
pates_richard,phonedude_mln
pates_richard,ODUSCI
pates_richard,phonedude_mln
patternproject,DebiThinks
patternproject,joulee
patternproject,emilynordmann
patternproject,allison_horst
patternproject,DatoFutbol_cl
paulanietog,CRGenomica
paulanietog,DelgoffeLa
paulanietog,hadleywickham
paulanietog,EricTopol
paulanietog,xkcd
paulomannjr,xwang_lk
paulomannjr,geoffreyhinton
Pavle35463741,abhi1thakur
pcastells,SIGIRConf
pcastells,hugo_zara
pcastells,iadh
pcastells,ian_soboroff
pcastells,SIGIRConf
pelayoarbues,CityLa
pelayoarbues,llenten
PengDai_ca,MZollhoefer
PengDai_ca,paperswithcode
PengDai_ca,facebookai
PengDai_ca,GiorgioPatrini
pete81505607,f_charton
pete81505607,abhi1thakur
pete81505607,abhi1thakur
pete81505607,abhi1thakur
pete81505607,jeremyphoward
peterpaws,SciPitt
peterpaws,pittsburghparks
peterpaws,PittCyber
peterpaws,circls_org
phdahmad,hazazioa
phdahmad,makkahregion
phdahmad,DrAbdulmajeedFR
PhDiSchoolSU,xkcdComic
phoenix24,Pentropy
phoenix24,kavirkaycee
phoenix24,paulg
phoenix24,agder
phoenix24,paulg
phschaer,gcabanac
phschaer,lj_garcia
phschaer,ecir2022
phschaer,Philipp_Mayr
pierre_guillou,GuggerSylvain
pierre_guillou,GuggerSylvain
pierre_guillou,AdapterHu
pierre_guillou,seb_ruder
pierre_guillou,StasBekman
PIReTship,FAccTRec
PIReTship,DrCh0le
PIReTship,DrCh0le
PIReTship,mdekstrand
PIReTship,SIGIRConf
PolarBearby,elaval
PolarBearby,JorgeBabul
PolarBearby,mjcalvimontes
PolarBearby,AIREyVIDA2021
PooyanFazli,hasti_seifi
PooyanFazli,FrPeterAnthony
PooyanFazli,hadyelsahar
PooyanFazli,IN_TOUCH_UCL
popaylove,ieeevis
popaylove,juliannenyhan
popaylove,ADHOrg
popaylove,melissaterras
popaylove,enjbach
poppy_wyatt,RandallTime
poppy_wyatt,neonrated
poppy_wyatt,OllieCharlton
poppy_wyatt,Living_Security
poppy_wyatt,WinterBLawrence
pranav_kundra,MarcJBrooker
pranav_kundra,matthewstoller
pranav_kundra,alajivis
pranav_kundra,alajivis
PRAT33K_Sri,omarsar0
PRAT33K_Sri,abhi1thakur
PRAT33K_Sri,CYBTRAFFIC
prathyushspeaks,UVA_NSSAC
preslav_nakov,arXiv_Daily
preslav_nakov,uclisec
preslav_nakov,IAugenstein
preslav_nakov,IAugenstein
private_rex,LozzaFox
private_rex,dockaurG
private_rex,naomirwolf
private_rex,ThomasSowell
private_rex,TheAliceSmith
prknoll,sniferl4bs
prknoll,nixcraft
prknoll,githu
prknoll,asus
prknoll,verge
profe_hanna,ReynSchools
profe_hanna,oonebbuzz
profe_hanna,ReynWrestling
profe_hanna,ReynSchools
Pseudomanifold,C4COMPUTATION
Pseudomanifold,hansmriess
Pseudomanifold,ADSmith102
PublicPolicyUoS,RachelAnnMills
PublicPolicyUoS,POST_UK
PublicPolicyUoS,ClimateExp0
PyDataBristol,nasrinmmm
PyDataBristol,abhi1thakur
PyDataBristol,HumbleData
PyDataBristol,HamelHusain
PyDataBristol,laceynwilliams
PydatalabUSAL,python_es
PyeFiona,JosephAllen1234
PyeFiona,_kaparker
PyeFiona,rctatman
python4living,spencernoon
python4living,ElProgresistaCo
python4living,WWCodePython
python4living,fermatslibrary
Pythonista1,INSEADKnowledge
Pythonista1,peggyrayzis
Pythonista1,peggyrayzis
Pythonista1,eveporcello
Pythonista1,kentcdodds
QMUL_DC,QMULCompLit
QMUL_DC,QuorumQMUL
QMUL_DC,QMULBartsTheLon
QMUL_DC,_scientistt
QrowdProject,SDA_Research
QrowdProject,DataEcoEU
QrowdProject,fundacionctic
QrowdProject,AriMarcomm
QrowdProject,AriMarcomm
Quanguet,SchmidhuberAI
Quanguet,317070
Quanguet,_willfalcon
Quanguet,fchollet
Quanguet,neyshabur
Quanteek,DJRTistic
Quanteek,PrimeSlimeComix
Quanteek,wikkit
Quanteek,cbalsalobre
Quanteek,ylecun
rachellaudan,LeahMcGrathRD
rachellaudan,CariPert
rachellaudan,ApplesandPeople
rachellaudan,r_patagonia
raffaele_perego,HPCLa
raffaele_perego,frrncl
raffaele_perego,fabreetseo
raffaele_perego,ecir2022
raffaele_perego,2021Ecir
RahelJhirad,aarthir
RalfKlinkenberg,ruhrunibochum
RalfKlinkenberg,RapidMiner
RalfKlinkenberg,jure
RalfKlinkenberg,RapidMiner
RalfKlinkenberg,LernendeSysteme
RamonVillasante,UniofOxford
RamonVillasante,pedromdiez
RamonVillasante,juanlebronc
RamonVillasante,WorldPadelTour
RamonVillasante,WorldPadelTour
RaphaelPin1,AlpesGrenoble
RaphaelPin1,forum5i
RaphaelPin1,forum5i
RaphaelPin1,forum5i
RaphaelPin1,_InsightOutside
rashinyoni,VisionEA
rashinyoni,yaelcamhi
rashinyoni,Forbes
rashinyoni,JimHarris
rashinyoni,dutchmichael
Rasula14,nkashokbharan
Rasula14,HiranKay
Rasula14,indica
Rasula14,elonmusk
rbuurma,LAHeffernan
rbuurma,dan_sinykin
rbuurma,SAAupdates
rbuurma,upstaterica
rbuurma,MichaelGreyeyes
rcccym,WittedNote
rcccym,TGC
rcccym,nekozzang
rcccym,TheWebConf
realfabs,dpreview
realfabs,torben_kassler
realfabs,FourTet
realfabs,daringfireball
realfabs,elonmusk
RebeccaCambodia,BarackObama
RebeccaCambodia,ErikSolheim
RebeccaCambodia,ouvirak
RebeccaCambodia,ouvirak
RebeccaCambodia,FutureForumAsia
RecSysIndia,Agelesschronicl
RecSysIndia,Iseratho
RecSysIndia,urinieto
RecSysIndia,alansaid
RecSys_c,alansaid
RecSys_c,LindauerMarius
ReinforcementB,AllanOluchiri
ReinforcementB,CUPublications
ReinforcementB,McKAnalytics
ReinforcementB,readcentric
ReinforcementB,emo_homie
resetar_jozef,algoritmic
resetar_jozef,slashML
resetar_jozef,morgymcg
resetar_jozef,jon_barron
resetar_jozef,karpathy
rguptaji,CorsIAQ
rguptaji,EricTopol
rguptaji,SEE_Fluids_UK
rguptaji,atrupar
rguptaji,CorsIAQ
RichGranger,OhioXOrg
RichGranger,OhioXOrg
RickBrannan,ChanceBonar
RickBrannan,ChristianBkExpo
RigResearch,DrJimminy
RigResearch,w_la_cava
RigResearch,CarolaDoerr19
RigResearch,pklehre
RigResearch,CIGbalance
rijitK,SIGMOD_2021
rijitK,logCACM
rijitK,joavanschoren
rijitK,rijitK
rilwan128,torryharris
rilwan128,_LoganathanB
rilwan128,CStepladderUK
RishiBommasani,neuranna
RishiBommasani,johnhewtt
RishiBommasani,StanfordAILa
RishiBommasani,cs_cornell
RishiBommasani,stanfordnlp
riskdesigner,ByronYork
riskdesigner,KiteVC
RKamoi,RepDean
RKamoi,RealAAAI
RKamoi,DeepLearningAI_
RKamoi,GoogleAI
RKamoi,dcpage3
rmit_cidda,wangxieric
rmit_cidda,wangxieric
rmit_cidda,damiano10
rmit_cidda,OlegZendel
RobertaAlgeri,RCGopiTechie
RobertaAlgeri,nigewillson
RobertaAlgeri,andi_stau
RobertaAlgeri,RichardEudes
RobertaAlgeri,SpirosMargaris
robinwritescode,TurnerNovak
robinwritescode,JoshuaOgundu
robinwritescode,mattwensing
robinwritescode,omarsar0
robinwritescode,omarsar0
robipalo,mtizzoni
robipalo,pirroh
robipalo,karpathy
robipalo,karpathy
robipalo,legogradstudent
rodrikk,CodeWisdom
rodrikk,ByScottCullen
rodrikk,ylecun
rodrikk,Justinfication
RoelandOrdelman,mediasuite_nl
RoelandOrdelman,jjnoordegraaf
rohit_rathore2,ikostrikov
rohit_rathore2,satyanadella
rohit_rathore2,sundarpichai
rohit_rathore2,lmoroney
rollwaveplanner,EPC_SEPA
romain_riviere,Thom_Wolf
romain_riviere,ak92501
romain_riviere,colinraffel
romain_riviere,illyuchenlin
romain_riviere,facebookai
roseberrymaier,_LaRoos
roseberrymaier,BrianNosek
roseberrymaier,hadleywickham
roseberrymaier,DigCivSoc
rosenzweig1991,shannonmattern
rosmith11,CU_President
roysoumya1,harattttttt
roysoumya1,PGCgenetics
roysoumya1,vanHinsbergen
roysoumya1,aamas2021
roysoumya1,AllenLao
rozboris,qrs
rozboris,jeffdeist
rozboris,allagentis
rozboris,pebble_dev
RubenEVillegas,JakabTomas
RubenEVillegas,Mvandepanne
RubenEVillegas,Michael_J_Black
RubenEVillegas,utkarshojha12
rupensa,moojan_a
rupensa,WTKLAB
rupensa,emmepirra
r_jesuraj,TensorFlow
r_jesuraj,jeffsand
r_jesuraj,PyTorchLightnin
r_jesuraj,amuellerml
r_jesuraj,DeepSchneider
r_maya,ranjanigayatri
r_maya,TheWebConf
r_maya,BSYBJP
r_maya,ShrikaanthK
r_maya,garimagaur27
saby_tweets,PhilippBayer
saby_tweets,thesisreview
saby_tweets,omarsar0
saby_tweets,pratyushmaini
saby_tweets,nickz_42
SAhmad_PK,Pk_FakeNews
SAhmad_PK,Wasim_Wazir
SAhmad_PK,SAMAATV
SAhmad_PK,SohailAnwer
SAhmad_PK,MashwaniAzhar
saifnoorprottoy,profbodden
saifnoorprottoy,AndrewCMyers
SalehCU,Astro_Soichi
SalehCU,C4COMPUTATION
SalehCU,DOEelectricity
SalehCU,JonErlichman
SalehCU,hknightsf
Salem06,juliette_jarry
Salem06,Digitaleague
Salem06,Digitaleague
Salem06,Digitaleague
Salem06,Digitaleague
SaleTawfiq,ICCV_2021
SaleTawfiq,jbhuang0604
SaleTawfiq,facebookai
SaleTawfiq,chriswolfvision
samarth_robo,ak92501
samarth_robo,MichaelAPosa
Samujjwal_Sam,NAACLHLT
Samujjwal_Sam,emollick
Samujjwal_Sam,GuggerSylvain
Samujjwal_Sam,nickz_42
Samujjwal_Sam,maier_ak
sandrewge,Adevinta
sandrewge,ACMRecSys
sandrewge,AdrinaKocharian
sangeeta15790,RaniChandravati
sangeeta15790,theUL
sangeeta15790,BeingSalmanKhan
sangeeta15790,acambridgediary
sangheon_han,GeekNewsBot
sangheon_han,PyConKR
SanghyukChun,JungWooHa2
SanghyukChun,JoaquimCampa
SanghyukChun,NicolasPapernot
SanghyukChun,Dr_Meming
SanghyukChun,FrnkNlsn
sangramga,facebookai
sangramga,omarsar0
sangramga,jure
sangramga,michiyasunaga
sangramga,jure
sankepallyr,fire_forum
sankepallyr,fire_forum
sankepallyr,fire_forum
sankepallyr,ACMSIGIR
sankepallyr,JeffD
SarahKrebs,Wimlds_Dresden
SarahKrebs,savvyRL
SarahKrebs,poolio
SarahKrebs,SoyGema
SarahKrebs,pfau
SaschaGriffiths,AdamMGrant
SaschaGriffiths,MaryEllenFoster
Satrdays_DC,CMastication
Satrdays_DC,_useRconf
Satrdays_DC,RLadiesJozi
Satrdays_DC,privefl
Satrdays_DC,rabaath
saurabhd04,ElectrekCo
saurabhd04,ANI
saurabhd04,sagarcasm
saurabhd04,jnanaprabodhini
saurabhd04,SupportJPF
scheeloong,RexChapman
scheeloong,NBAonTNT
scheeloong,elonmusk
scheeloong,Quicktake
scinoise,FAccTConference
scinoise,jeanna_matthews
scinoise,cfiesler
scixam,xkcd
scixam,SalsaTekila
sdhdezp,xkcdComic
sdhdezp,yoavgo
sdhdezp,zehavoc
sdhdezp,kgc_workshop
sdhdezp,scik_workshop
sdowsi,chamath
sdowsi,CornellNews
sdowsi,chamath
sdowsi,BCG
sdowsi,ValaAfshar
seanmylaw,eeonaposy
seanmylaw,AllenDowney
seanmylaw,dillonniederhut
seanmylaw,reshamas
seanmylaw,LeahAWasser
SedighKhademi,math_rachel
SedighKhademi,math_rachel
SedighKhademi,jurafsky
seedowney,jiwandeepkohli
seedowney,mhdksafa
seedowney,Consciouslyblvk
seedowney,ddouglasnl
seemsArtless,Richard_Florida
seoyeonp_,kate_saenko_
seoyeonp_,lorenlugosch
seoyeonp_,whybansal
seoyeonp_,lintool
seyiojediran,elonmusk
seyiojediran,FinPlanKaluAja1
SF_BayArea_ACM,SVSIGGRAPH
SGdatasc,minoru_osuka
SGdatasc,AndrewYNg
SGdatasc,hongokucho
sha2br,schweizercomics
sha2br,chanelspell
sha2br,VetsAboutFace
sha2br,romanyam
shailjaThakur3,npseaver
shailjaThakur3,mrtz
shailjaThakur3,gabrielpeyre
shailjaThakur3,omarsar0
shailjaThakur3,markoff
shalinda99,BrettTingley
shalinda99,zlatko_minev
shalinda99,QuantaMagazine
shalinda99,QuantaMagazine
shalinda99,LifeboatHQ
sharma_ashish_2,natashajaques
sharma_ashish_2,radamihalcea
sharma_ashish_2,timalthoff
Shashank_Mouli,connectgurmeet
Shashank_Mouli,kushal_mehra
Shashank_Mouli,jaganmsna
Shashank_Mouli,orangebook_
Shashank_Mouli,jaganmsna
shawnmjones,arxiv
shawnmjones,PT_WebArchive
shawnmjones,rewster_kahle
shawnmjones,WebSciConf
shawnmjones,MickyLindlar
Shidilrzf,FardadFarahzad
shigerufujita,nukegawahayao
shigerufujita,BsdHacker
shigerufujita,zalgo3
shigerufujita,hachim088
shobeirf,TheWebConf
shobeirf,TheWebConf
shobeirf,srijankedia
ShreyaGDr,nresearchnews
ShreyaGDr,ScienceMagazine
ShreyaGDr,HuffmanLabDU
ShreyaGDr,ScienceMagazine
SIAMDataMining,Chris89Schmidt
siddharthb_,PetarV_93
siddharthb_,foucaultwelles
siddharthb_,xbresson
siddharthb_,hima_lakkaraju
siddharthb_,PetarV_93
sidrahliaqat,GurdeepPandher
sidrahliaqat,JoeBiden
sidrahliaqat,KamalaHarris
sidrahliaqat,gabwilborn1
sidrahliaqat,tobyherman27
SIGIRConf,acm_ictir
SIGIRForum,ACM_CHIIR
SIGIRForum,ACM_CHIIR
SIGIRForum,ACM_CHIIR
sigir_students,AixinSG
sigir_students,suzan
sigir_students,2021Ecir
sigir_students,ACM_CHIIR
sigir_students,leifos
siliconvalleyAI,elonmusk
siliconvalleyAI,StanfordHAI
sinemetuvivere,iScrew
sinemetuvivere,_amitbehere
sinemetuvivere,i_the_indian_
sinemetuvivere,Ashok_Kashmir
sinemetuvivere,Hasmatulla_khan
siva2chinni,ShreevarKheruka
siva2chinni,gkd600
siva2chinni,umasudhir
siva2chinni,PhanindraP_TNIE
snrspeaks,DeepLearningAI_
snrspeaks,omarsar0
snrspeaks,svpino
snrspeaks,deepset_ai
snrspeaks,omarsar0
somaleedatta,NPR
somaleedatta,HHSGov
somaleedatta,StanfordMed
somaleedatta,EricTopol
sotonWSI,PublicPolicyUoS
sotonWSI,JisunAn
sotonWSI,WebSciConf
sotonWSI,ValaAfshar
sotonWSI,WebSciConf
SoudeFazeli,przemyslawp
SoudeFazeli,azaidman
SoudeFazeli,OScharenborg
SoudeFazeli,cheraghchi
SoudeFazeli,mmitchell_ai
souhardya69,FarOutAkhtar
souhardya69,kunalkamra88
souhardya69,zoo_bear
souhardya69,ShelJackson27
souhardya69,ndtv
SouravDutta91,LstSaar
SouravDutta91,ECMLPKDD
SouravDutta91,ECMLPKDD
SouravDutta91,ECMLPKDD
speyronnet,seb_ruder
sportstechws,wearemonterosa
sprads,TimMedin
sprads,freshhel
spray83,LeslyCanoM
spray83,proceso
spray83,Lic_SirLancelot
srahmanidashti,mdekstrand
srahmanidashti,CharlotteHase
srahmanidashti,himan_abd
srahmanidashti,AmazonScience
srahmanidashti,svakulenk0
sriharshams,ajassy
sriharshams,ASlavitt
sriharshams,JakeSullivan46
sriharshams,trvr
sriharshams,ernardleong
srikanta,harattttttt
srikanta,HoseKatja
srikanta,krishashok
srikanta,rasbt
srikanta,garimagaur27
SRoyLee,siddharthb_
SRoyLee,JonErlichman
SRoyLee,zhangzhuosheng
SRoyLee,aclmeeting
stanfordnlp,usagisan2020
stanfordnlp,DynabenchAI
stanfordnlp,ccnymtm
stanfordnlp,StanfordHAI
stanfordnlp,tuomo_h
stefhaustein,DORAssessment
Stephen_Lynch,ByMikeBaker
SThanombun,PandasKMOffici1
strpeters,SCHUFA_Dialog
strpeters,SCHUFA_Dialog
strpeters,SCHUFA_Dialog
strpeters,SCHUFA_Dialog
subham_st,ESPNcricinfo
subham_st,VijayRohitFC
subham_st,Being_Humor
subhobrata1,freeCodeCamp
subhobrata1,IAugenstein
subhobrata1,LinearAlgebraSO
subhobrata1,oss_py
subhobrata1,icymi_py
sumitsethy,amy_ta
sumitsethy,ak92501
sumitsethy,ResearcHersCode
sumitsethy,alfcnz
sumitsethy,fooobar
Supermathie,IrishCanadian2
Supermathie,china_takes
supriya_gdptl,harattttttt
supriya_gdptl,WiMLworkshop
supriya_gdptl,chydro
supriya_gdptl,cmcaram
supriya_gdptl,charusharma1991
SVSIGGRAPH,dpatil
SVSIGGRAPH,ViewConference
swarnasras,NewYorker
swarnasras,QuantaMagazine
swarnasras,PhysicsToday
swarnasras,glichand
swarnasras,nattyover
TabmoLabs,EpitechMontpel
TabmoLabs,TabMo
TabmoLabs,julien_lafont
tahsin_mayeesha,JacquelineWarwi
TakaComa,_masaka
TakaComa,jure
TakaComa,moco_beta
TakaComa,icoxfog417
talkdatatomee,hadleywickham
talkdatatomee,arasbozkurt
talkdatatomee,mlopscommunity
talkdatatomee,marksaroufim
talkdatatomee,streamlit
tarundsnaol,sulata_ghosh
tarundsnaol,IAF_MCC
tarundsnaol,hvgoenka
tarundsnaol,purnachaitanya
tarundsnaol,UPGovt
tattinsphue,omarsar0
tattinsphue,RagulMohankumar
tattinsphue,DataScienceCtrl
tattinsphue,danieljpeter
tchambers,mdywe
tchambers,BradleyWhitford
tchambers,KrisGoldsmith85
tchambers,What46HasDone
tchambers,joshtpm
techbro_partII,Dodgers
techbro_partII,techbro_partII
TedPavlic,HarmitMalik
Teja94bt,KHILADiOffl
teogiord,richardbranson
teogiord,ChrisTerryPhoto
teogiord,TravellerAU
TerrierTeam,iadh
TerrierTeam,hitarth_08
TerrierTeam,hitarth_08
TerrierTeam,craig_macdonald
TerrierTeam,craig_macdonald
tetraduzione,tetraduzione
tetsuyasakai,uzuratukune3
tetsuyasakai,rao_rug
tetsuyasakai,nasukoB
tetsuyasakai,yukiho_dx
thanhmvu,MattNiessner
thanhmvu,AndrewYNg
thanhmvu,CSProfKGD
thanhmvu,SteveStuWill
thanhmvu,twominutepapers
THassner,ICCV_2021
THassner,dimadamen
THassner,cristiancanton
TheAshenLight,hadyelsahar
TheDJZiegler,GburgWarWrestle
TheDJZiegler,JoshMartin33
TheDJZiegler,PENNHSWrestling
TheDJZiegler,GburgWarWrestle
theNeomatrix369,yarasenger
theNeomatrix369,eyalwir
TheodoraPetkova,aaranged
TheodoraPetkova,rightonseo
TheodoraPetkova,FBanishoei
TheodoraPetkova,kvistgaard
TheodoraPetkova,NEHgov
therealquantran,reshamas
therealquantran,hardmaru
therealquantran,amaarora
therealquantran,jeremyphoward
therealquantran,jeremyphoward
TheShahrozTariq,MKBHD
TheShahrozTariq,suhaibfahmy
TheShahrozTariq,hima_lakkaraju
TheShahrozTariq,Sherinapoyyail
TheShahrozTariq,AmulyaYadav19
theujjwal9,facebookai
theujjwal9,mohitban47
theujjwal9,shashankmehta05
theujjwal9,KevinKaichuang
theujjwal9,rsalakhu
the_data_dev,nghuuphuoc
the_data_dev,SatyaRajpurohit
the_data_dev,smashingmag
the_data_dev,argyleink
the_data_dev,pushmatrix
think24menot,CIKM2021
think24menot,CIKM2021
think24menot,TheDASHLa
think24menot,TheDASHLa
think24menot,TheDASHLa
TijlDeBie,BallouxFrancois
timgollins,neil_chilson
timgollins,neil_chilson
timgollins,NatRecordsScot
timgollins,anjacks0n
timgollins,BAC_Chair
TirthankarSlg,TheYotg
TirthankarSlg,BastingsJasmijn
TirthankarSlg,seb_ruder
TirthankarSlg,KiddoThe2B
TirthankarSlg,tallinzen
tjorphd,WebSciConf
tjorphd,TheoKL
tjorphd,k_triquet
tjorphd,StephenHosking
tmasada,reshamas
tmasada,StatMLPapers
Tn23008624,mktechlab_net
Tn23008624,Rogeliketweety
Tn23008624,shikishima_ito
Tn23008624,Rainmaker1973
Tn23008624,UnitechHobby
TommasoDiNoia,SIGIRConf
TommasoDiNoia,DomenicoLofu
TommasoDiNoia,microsoftitalia
TommasoDiNoia,ElviraCarzaniga
TommasoDiNoia,merrafelice
tonbotomoe,renegadeapostle
tonbotomoe,edzitron
tonbotomoe,yookoisei
trendsinAI,Eli_Krumova
trendsinAI,FabienBrodie
trendsinAI,PrecisionEvolu1
trendsinAI,_timos_
trendsinAI,datagulf1
trigk,slashML
trigk,pmbaumgartner
trigk,math_rachel
trovdimi,stefandietze
trovdimi,dimi_z
TrustDeepLearn,factal
TrustDeepLearn,ORCA_Hu
TrustDeepLearn,arxiv_in_review
TrustDeepLearn,EDINrobotics
trustswz,ACMRecSys
trustswz,__luca
trustswz,ACMRecSys
TSchnoebelen,mixedlinguist
TunguzReview,tunguz
twitoogle,omarsar0
twitoogle,joho_hideo
twitoogle,ai2_allennlp
twitoogle,RexChapman
twomeynj,tommy_da_cat
twomeynj,ryanmacconville
TylersNetwork,NAACLHLT
TylersNetwork,PatrickPlaten
TylersNetwork,JisunAn
TylersNetwork,msbernst
TylersNetwork,enrozemberczki
uamuzik,ESBocharova
uamuzik,Light_2202
uamuzik,tweetsNV
UjLaw,IR_oldie
UjLaw,SneakyArt
UjLaw,SIGIRConf
UjLaw,WebSciConf
uklobe,iBaino
uklobe,MsNemah
uklobe,rbacher
uklobe,duolingo
uklobe,Ingressive4Good
UlrichJunker,jamesvgingerich
UlrichJunker,TobyWalsh
UlrichJunker,rao2z
umarvinci,MIT_CSAIL
umarvinci,ch402
umarvinci,MIT_CSAIL
umarvinci,MIT_CSAIL
umarvinci,Deep_In_Depth
Umbrella_Sierra,joserosado
Umbrella_Sierra,arankomatsuzaki
Umbrella_Sierra,svpino
Umbrella_Sierra,ducha_aiki
Umbrella_Sierra,abhi1thakur
ume_kyd,ume_kyd
ume_kyd,ume_kyd
ume_kyd,ume_kyd
ume_kyd,ume_kyd
ume_kyd,ume_kyd
unpair_idiot,gadotgifs
unpair_idiot,RVCJ_FB
usabart,SandDollar04
vagnerdiniz,cewebbr
VaibhavUnhelkar,RiceCompSci
ValleyOfSilicon,thenation
ValleyOfSilicon,jurafsky
vanessa_murdock,emollick
vanessa_murdock,OptimoPrincipi
vanessa_murdock,heynetters
varphi,maliannejadi
varphi,helloalana
vclaTUwien,lindorferin
vclaTUwien,MihiRozman8
vclaTUwien,EBartoci
vedax,heerme
vedax,Bahareh360
vedax,recsyslabs
vedax,recsyslabs
vedax,TurnerNovak
vereneesa,dakami
verycourt,Delphinepapin
verycourt,Contexte
verycourt,philipvollet
verycourt,coulmont
veydpz_public,cornchz
veydpz_public,NotLordByron
veydpz_public,NotLordByron
Vezhnick,DeepMind
Vezhnick,IrvineWelsh
Vezhnick,DeepMind
Vezhnick,ProfBrianCox
Vezhnick,ML_Hipster
vibbioinfocore,VdaGeraldine
vibbioinfocore,DTL_nl
vibbioinfocore,pm_sampaio
vicomdoni,pilartropico
vicomdoni,pickover
vicomdoni,JohnCLangford
vicomdoni,maite_martin
vicomdoni,lavecinarubia
victorcodina,xamat
victorcodina,xamat
victorcodina,Maciej_Kula
victorcodina,Adevinta
victorcodina,softcatala
vinay83372799,ziyatong
vinay83372799,simongerman600
vinay83372799,mark_riedl
vinay83372799,ylecun
vinay83372799,hardmaru
VincentJingLi,shakir_za
VincentJingLi,ICCV_2021
VincentJingLi,jeremyphoward
VincentJingLi,MelMitchell1
virtualdz,SoAIAlgiers
virtualdz,CeristWebtv
virtualdz,lavachelibre
virtualdz,lavachelibre
virtualdz,CEO_AISOMA
VisualAILa,syeung10
VisualAILa,sunniesuhyoung
VisualAILa,RMBattleday
VisualAILa,pabbeel
visual_linguist,eclogiter
visual_linguist,kensycoop
visual_linguist,CoRGiS_UoS
visual_linguist,CoRGiS_UoS
viverdedados,JoaquimCampa
viverdedados,TDataScience
viverdedados,randal_olson
viverdedados,tel
viverdedados,rctatman
vojnovski,ChampChessTour
vojnovski,EU_Commission
vojnovski,andrewchen
vojnovski,satyanadella
vrandezo,andrew_n_carr
vrandezo,tnegrin
vrandezo,Wikimedia_mx
vrandezo,chr1sa
vrandezo,MikeWTrapp
VVagias,cnvrg_io
VVagias,nzherald
VVagias,Adorably
VVagias,HodaAndJenna
VVagias,arstoolchicago
WalidShalaby9,paperswithcode
WalidShalaby9,paperswithcode
WalidShalaby9,paperswithcode
WalidShalaby9,BostonDynamics
WalidShalaby9,chipro
WangjiaqiuH,arnabnandy2
WangjiaqiuH,SAP_Labs_Israel
WangjiaqiuH,iphone_paradise
WangjiaqiuH,IBM
wavybatman,seb_ruder
wavybatman,BestLucasEubank
webaudiomodules,ctpt_studio
webaudiomodules,olilarkin
webaudiomodules,salomonsen_p
WebSciCologne,Wechange_alot
WebSciCologne,BertelsmannSt
WebSciCologne,Bitkom_Software
WebSciCologne,eworkDE
WebSciCologne,eworkDE
Wenpeng_Yin,CisLmu
Wenpeng_Yin,SFResearch
Wenpeng_Yin,stanfordnlp
Wenpeng_Yin,arxiv_cscl
Wenpeng_Yin,arxiv_cscl
WisalKhwaja,SaketGokhale
WisalKhwaja,ShahbazAnsar_
WisalKhwaja,onesarahjones
WisalKhwaja,zoo_bear
WizardOfDocs,thegallowboo
WizardOfDocs,thegallowboo
WizardOfDocs,BudgetCommander
WizardOfDocs,MixedClassicist
WomenInIR,soldni
WomenInIR,EKnavelMD
WomenInIR,ShirKi
WSSC_UPF,TIDE_UPF
WSSC_UPF,PolarBearby
WSSC_UPF,Danielvak
WSSC_UPF,PolarBearby
XiangruTang,ruizhang_nlp
XiangruTang,Eric_Wallace_
XiangruTang,nyuaischool
XiangruTang,jonathanmay
XianzhiDai,SmDrssr
XianzhiDai,chrmanning
XianzhiDai,WIREDScience
XianzhiDai,SteveStuWill
xinti900,levie
xinti900,kategreer
xinti900,gigaom
xLeitix,rtorkar
xLeitix,PAvgeriou
XZPwEDVhHH37i3C,carlesdijous
XZPwEDVhHH37i3C,carlesdijous
YahooResearch,milindalvares
YahooResearch,rubinqila
YahooResearch,CST_TempleU
YahooResearch,USCViterbi
YahooResearch,YahooResearch
YaleClassicsLi,lisafdavis
YaleClassicsLi,AquilaTheatre
YaleClassicsLi,PerseeFr
yarphs,rupspace
yarphs,c_voelcker
yarphs,peterlmcmahon
yarphs,omarsar0
yarphs,mmbronstein
yasinkabir,Seanjkernan
yasmina_anwar,shawnmjones
yasmina_anwar,shawnmjones
yasmina_anwar,StormyArchives
yasmina_anwar,fanchyna
yasmina_anwar,kaoutarTech
YBoodman,quocleix
YBoodman,sim2realAIorg
YBoodman,sergeykarayev
YBoodman,arankomatsuzaki
YBoodman,BachFrancis
yigalpage,chrmanning
yigalpage,AndrewYNg
yigalpage,pfau
yisongyue,AndrewBarnas
yisongyue,VivianGradinaru
yolandagil,USC_ISI
yolandagil,USC_ISI
yolandagil,CSatUSC
yolandagil,CSatUSC
yossioren,YaakovCohen88
yossioren,IchsaConf
yossioren,IchsaConf
Yquetzal,pablojensenlyon
Yquetzal,tiagopeixoto
Yquetzal,net_science
Yquetzal,Ccs2021L
Yquetzal,alainbarrat
Yujie_Qian,adamjfisch
Yujie_Qian,AIHealthMIT
Yujie_Qian,AIHealthMIT
Yujie_Qian,AIHealthMIT
Yujie_Qian,AIHealthMIT
YunuSemih,MagnusCarlsen
YunuSemih,F1
YunuSemih,FootyHumour
YunuSemih,AFP
YunuSemih,PennStateEcon
yurilacerda,HPCLa
yurilacerda,WSDMSocial
yurilacerda,srlm
yurilacerda,secitece
yurilacerda,CamiloSantanaCE
yurimalheiros,MIT_CSAIL
yurimalheiros,ariaufp
yuvaforu84,TDehaene
yuvaforu84,sumanthraman
yuvaforu84,icymi_py
yuvaforu84,adi_singh18
yuvaforu84,spacy_io
zabazaza,pioneertaku84
zabazaza,asahi
zabazaza,kspub_kodansha
zabazaza,fujitatakanori
zabazaza,paotongzi
Zack_Elbazi,ExcelSysFrance
Zack_Elbazi,oredabdel
Zack_Elbazi,JamesClear
zeffybamrah,robvank
zhaochun_ren,SIGIRConf
zhaochun_ren,SIGIRConf
zhaochun_ren,SIGIRConf
zhaochun_ren,SIGIRConf
zhaochun_ren,SIGIRConf
ZhuorenJiang,WilliamWangNLP
ZhuorenJiang,IR_oldie
ZhuorenJiang,ACMDL
ZhuorenJiang,WHO
ZhuorenJiang,ylecun
ZohrehZahedi,DORAssessment
ZohrehZahedi,LeidenMadtrics
zr_4,ai_memes
zr_4,cyby
_bam098,_Aishy
_bam098,PhotoGhibli
_bam098,JayAlammar
_bam098,omarsar0
_bam098,GuggerSylvain
_ConferenceList,acm_ictir
_ConferenceList,iswc_conf
_DLPBGJ80C04Z_,sandofsky
_DLPBGJ80C04Z_,fchollet
_DLPBGJ80C04Z_,fchollet
_ERLNMYR,jbaert
_ERLNMYR,LinguisticsShi1
_ERLNMYR,statisticiann
_FaridRodriguez,Jetsplit
_FaridRodriguez,kinocorium
_FaridRodriguez,engineering_bae
_FaridRodriguez,abhi1thakur
_FaridRodriguez,stbunzel
_kareem_tunde,coderoflagos
_kareem_tunde,tushgeek
_KINRW,TU_Dortmund
_KINRW,MLCompetence
_KINRW,MicrosoftEU
_KINRW,FraunhoferIAIS
_MauroSalazar,svlevine
_MauroSalazar,omarsar0
_MauroSalazar,Melterialsgal
_MauroSalazar,abhi1thakur
_MauroSalazar,abhi1thakur
_Nrgeup,ssshanest
_Nrgeup,StatModeling
_Nrgeup,yudapearl
_Nrgeup,Synced_Global
_prasunroy,CVPR
_____Momin,JournoStephen
